주문ID,고객ID,주문일,결제금액,상품카테고리,채널
O00001,CU0001,2026-03-17,22500,클렌저,카카오
O00002,CU0002,2025-03-10,28500,세트,네이버
O00003,CU0002,2025-09-07,9900,세럼,네이버
O00004,CU0003,2026-02-12,39900,세트,인스타
O00005,CU0003,2025-02-02,49200,선크림,인스타
O00006,CU0004,2026-03-14,37300,토너,네이버
O00007,CU0005,2025-05-18,55100,세트,네이버
O00008,CU0006,2026-06-08,88400,선크림,인스타
O00009,CU0006,2026-05-18,97500,세럼,인스타
O00010,CU0006,2026-05-20,87000,선크림,인스타
O00011,CU0006,2026-05-18,69500,클렌저,인스타
O00012,CU0007,2025-07-31,9900,선크림,인스타
O00013,CU0008,2026-03-19,40600,크림,자사몰
O00014,CU0008,2025-03-16,47600,토너,자사몰
O00015,CU0009,2026-06-01,33800,선크림,오프라인
O00016,CU0010,2024-08-01,35700,세트,네이버
O00017,CU0011,2025-06-28,9900,세트,네이버
O00018,CU0012,2024-09-22,9900,클렌저,자사몰
O00019,CU0013,2025-11-24,33800,토너,카카오
O00020,CU0013,2025-07-03,63800,크림,카카오
O00021,CU0014,2026-05-19,47100,세럼,네이버
O00022,CU0015,2024-07-21,61300,토너,오프라인
O00023,CU0015,2024-10-20,29600,선크림,오프라인
O00024,CU0016,2026-04-21,21300,세트,오프라인
O00025,CU0016,2025-08-14,37900,세트,오프라인
O00026,CU0017,2025-09-27,42600,클렌저,네이버
O00027,CU0017,2025-10-20,27300,세트,네이버
O00028,CU0018,2026-03-26,41200,토너,카카오
O00029,CU0018,2025-12-19,28500,토너,카카오
O00030,CU0018,2026-03-23,41000,세럼,카카오
O00031,CU0019,2024-11-21,59900,클렌저,인스타
O00032,CU0020,2025-07-16,44800,클렌저,네이버
O00033,CU0020,2026-01-27,42900,토너,네이버
O00034,CU0020,2026-01-16,48400,토너,네이버
O00035,CU0021,2025-11-08,18300,세트,자사몰
O00036,CU0022,2026-04-15,20000,크림,인스타
O00037,CU0023,2025-07-30,63800,세럼,카카오
O00038,CU0023,2025-11-17,65100,세럼,카카오
O00039,CU0023,2025-11-03,91200,클렌저,카카오
O00040,CU0023,2026-05-23,79100,선크림,카카오
O00041,CU0023,2026-03-11,77700,크림,카카오
O00042,CU0023,2026-02-27,83600,토너,카카오
O00043,CU0023,2025-07-30,90400,토너,카카오
O00044,CU0023,2026-03-28,50500,세트,카카오
O00045,CU0024,2025-12-04,53100,크림,자사몰
O00046,CU0024,2025-11-13,69300,세럼,자사몰
O00047,CU0024,2025-10-12,69800,클렌저,자사몰
O00048,CU0025,2025-04-03,55900,세럼,오프라인
O00049,CU0026,2026-04-13,29000,클렌저,네이버
O00050,CU0026,2026-05-28,24300,클렌저,네이버
O00051,CU0027,2026-06-07,29000,선크림,인스타
O00052,CU0028,2026-06-08,47800,클렌저,카카오
O00053,CU0029,2026-04-19,39300,클렌저,네이버
O00054,CU0030,2026-02-06,93000,토너,카카오
O00055,CU0030,2026-05-16,78800,클렌저,카카오
O00056,CU0030,2026-05-08,40300,세트,카카오
O00057,CU0030,2026-04-01,66000,세트,카카오
O00058,CU0030,2026-02-24,76900,선크림,카카오
O00059,CU0030,2026-01-19,47800,클렌저,카카오
O00060,CU0030,2026-05-21,58900,선크림,카카오
O00061,CU0031,2025-11-20,10300,크림,오프라인
O00062,CU0031,2025-10-03,68900,크림,오프라인
O00063,CU0032,2026-06-10,44300,선크림,네이버
O00064,CU0032,2026-02-24,56200,세트,네이버
O00065,CU0033,2025-07-04,27100,클렌저,인스타
O00066,CU0033,2025-10-02,36000,세트,인스타
O00067,CU0034,2026-05-29,37000,클렌저,인스타
O00068,CU0034,2026-05-07,62000,크림,인스타
O00069,CU0034,2026-03-13,49100,세트,인스타
O00070,CU0034,2026-03-14,62000,크림,인스타
O00071,CU0035,2026-02-28,69800,토너,네이버
O00072,CU0035,2026-01-01,66400,토너,네이버
O00073,CU0035,2026-06-03,63100,선크림,네이버
O00074,CU0035,2025-06-03,100800,세럼,네이버
O00075,CU0035,2025-02-28,36800,선크림,네이버
O00076,CU0036,2026-03-10,123000,토너,카카오
O00077,CU0036,2026-03-14,138800,크림,카카오
O00078,CU0036,2026-03-30,142300,토너,카카오
O00079,CU0036,2026-04-23,125900,세트,카카오
O00080,CU0036,2026-06-01,110200,선크림,카카오
O00081,CU0036,2026-03-19,108300,세럼,카카오
O00082,CU0036,2026-03-16,175800,세럼,카카오
O00083,CU0036,2026-05-23,113500,세트,카카오
O00084,CU0036,2026-03-30,129200,클렌저,카카오
O00085,CU0036,2026-05-18,112600,세트,카카오
O00086,CU0036,2026-05-12,150200,세럼,카카오
O00087,CU0036,2026-04-18,122000,세트,카카오
O00088,CU0036,2026-03-27,123900,세트,카카오
O00089,CU0036,2026-05-30,138300,클렌저,카카오
O00090,CU0036,2026-03-29,118400,선크림,카카오
O00091,CU0036,2026-03-26,127000,세트,카카오
O00092,CU0036,2026-05-12,105600,클렌저,카카오
O00093,CU0036,2026-06-12,141500,크림,카카오
O00094,CU0036,2026-03-18,97600,클렌저,카카오
O00095,CU0037,2025-10-27,120500,토너,카카오
O00096,CU0037,2025-01-14,116200,크림,카카오
O00097,CU0037,2025-06-03,157200,세트,카카오
O00098,CU0037,2026-04-24,88900,토너,카카오
O00099,CU0037,2025-12-23,168600,클렌저,카카오
O00100,CU0037,2025-07-30,109600,세트,카카오
O00101,CU0037,2025-11-29,141600,크림,카카오
O00102,CU0037,2025-07-02,106700,크림,카카오
O00103,CU0037,2026-03-18,141600,토너,카카오
O00104,CU0037,2026-04-13,146300,선크림,카카오
O00105,CU0037,2024-09-23,149200,세트,카카오
O00106,CU0037,2026-03-08,133500,크림,카카오
O00107,CU0037,2025-10-22,140700,토너,카카오
O00108,CU0037,2024-10-01,144600,세럼,카카오
O00109,CU0037,2024-11-02,163800,크림,카카오
O00110,CU0037,2024-08-21,153400,토너,카카오
O00111,CU0038,2024-12-16,56500,선크림,네이버
O00112,CU0038,2025-10-16,42700,크림,네이버
O00113,CU0038,2024-02-06,67000,토너,네이버
O00114,CU0038,2024-03-31,34800,선크림,네이버
O00115,CU0039,2026-03-11,23000,크림,인스타
O00116,CU0040,2025-08-07,38000,세트,오프라인
O00117,CU0041,2026-03-16,18700,세럼,오프라인
O00118,CU0041,2026-05-07,51300,선크림,오프라인
O00119,CU0042,2024-09-08,42400,세트,자사몰
O00120,CU0043,2025-05-02,23900,선크림,네이버
O00121,CU0043,2025-08-10,20100,세트,네이버
O00122,CU0044,2025-11-22,24200,세럼,카카오
O00123,CU0044,2026-04-06,30100,선크림,카카오
O00124,CU0045,2026-03-12,74600,선크림,카카오
O00125,CU0045,2026-05-15,71800,클렌저,카카오
O00126,CU0045,2026-05-22,14000,클렌저,카카오
O00127,CU0045,2026-03-31,36100,토너,카카오
O00128,CU0046,2026-01-17,14300,크림,자사몰
O00129,CU0047,2026-06-07,49800,크림,자사몰
O00130,CU0047,2026-06-13,44500,토너,자사몰
O00131,CU0047,2026-05-26,67700,선크림,자사몰
O00132,CU0047,2026-05-16,53900,토너,자사몰
O00133,CU0048,2025-07-19,37800,크림,자사몰
O00134,CU0048,2025-09-11,13000,클렌저,자사몰
O00135,CU0049,2025-11-07,37600,토너,네이버
O00136,CU0049,2026-01-24,66600,클렌저,네이버
O00137,CU0050,2026-04-15,31400,선크림,네이버
O00138,CU0051,2026-03-31,94800,크림,카카오
O00139,CU0051,2025-08-11,56600,클렌저,카카오
O00140,CU0051,2024-09-06,61800,세트,카카오
O00141,CU0051,2024-12-23,53500,세트,카카오
O00142,CU0051,2025-06-12,65700,선크림,카카오
O00143,CU0052,2025-11-13,34300,토너,카카오
O00144,CU0052,2026-05-07,68600,세럼,카카오
O00145,CU0052,2025-10-04,58500,세트,카카오
O00146,CU0052,2025-01-28,47300,클렌저,카카오
O00147,CU0053,2026-05-23,75200,세트,오프라인
O00148,CU0054,2024-05-04,35400,세럼,카카오
O00149,CU0055,2025-10-26,20700,선크림,오프라인
O00150,CU0055,2026-05-15,43500,세트,오프라인
O00151,CU0055,2026-06-05,72900,세럼,오프라인
O00152,CU0056,2026-05-09,16400,토너,오프라인
O00153,CU0056,2026-05-21,62300,클렌저,오프라인
O00154,CU0056,2026-05-16,47700,크림,오프라인
O00155,CU0056,2026-03-27,52000,세트,오프라인
O00156,CU0057,2026-04-27,56700,세럼,네이버
O00157,CU0057,2025-10-08,34000,세럼,네이버
O00158,CU0057,2025-06-21,46400,선크림,네이버
O00159,CU0057,2026-01-14,60300,클렌저,네이버
O00160,CU0058,2024-11-06,18100,토너,자사몰
O00161,CU0058,2024-12-22,32900,크림,자사몰
O00162,CU0059,2026-06-02,36100,세럼,오프라인
O00163,CU0059,2026-05-25,64500,클렌저,오프라인
O00164,CU0059,2026-06-07,52800,세트,오프라인
O00165,CU0060,2025-10-11,23300,토너,카카오
O00166,CU0061,2026-02-15,72500,토너,자사몰
O00167,CU0061,2025-09-21,76800,선크림,자사몰
O00168,CU0061,2025-10-04,35700,선크림,자사몰
O00169,CU0061,2025-12-12,48100,클렌저,자사몰
O00170,CU0062,2026-03-11,90900,크림,인스타
O00171,CU0062,2024-11-18,78100,세트,인스타
O00172,CU0062,2025-08-28,55400,세럼,인스타
O00173,CU0062,2025-12-23,108000,선크림,인스타
O00174,CU0063,2025-06-09,51800,크림,오프라인
O00175,CU0064,2025-12-25,9900,토너,오프라인
O00176,CU0065,2026-02-22,70700,크림,카카오
O00177,CU0065,2026-01-07,63100,세럼,카카오
O00178,CU0065,2024-11-07,53800,세트,카카오
O00179,CU0065,2025-04-06,83000,크림,카카오
O00180,CU0065,2025-01-03,54400,세럼,카카오
O00181,CU0065,2025-12-26,59900,클렌저,카카오
O00182,CU0065,2025-08-23,62200,클렌저,카카오
O00183,CU0066,2025-05-11,13200,세럼,오프라인
O00184,CU0066,2025-08-30,39300,세럼,오프라인
O00185,CU0067,2026-04-07,26000,선크림,오프라인
O00186,CU0067,2026-01-25,66200,토너,오프라인
O00187,CU0068,2025-12-01,47100,세럼,자사몰
O00188,CU0068,2025-11-25,67500,세트,자사몰
O00189,CU0068,2026-05-29,52900,세럼,자사몰
O00190,CU0069,2026-02-24,76900,세럼,카카오
O00191,CU0069,2025-05-08,100800,토너,카카오
O00192,CU0069,2025-09-06,88600,세럼,카카오
O00193,CU0069,2025-09-17,77400,토너,카카오
O00194,CU0069,2025-05-25,85600,세럼,카카오
O00195,CU0069,2025-06-08,77100,토너,카카오
O00196,CU0069,2026-03-08,89500,토너,카카오
O00197,CU0069,2026-02-04,79500,토너,카카오
O00198,CU0070,2025-08-24,9900,선크림,오프라인
O00199,CU0071,2025-09-04,148100,토너,인스타
O00200,CU0071,2026-02-04,110200,클렌저,인스타
O00201,CU0071,2025-09-25,151700,크림,인스타
O00202,CU0071,2025-03-23,140600,세트,인스타
O00203,CU0071,2025-08-13,115600,세트,인스타
O00204,CU0071,2026-01-20,153100,세럼,인스타
O00205,CU0071,2026-05-02,126600,선크림,인스타
O00206,CU0071,2025-11-07,141100,크림,인스타
O00207,CU0071,2025-11-23,111700,선크림,인스타
O00208,CU0071,2025-09-25,95200,크림,인스타
O00209,CU0071,2025-10-11,132400,크림,인스타
O00210,CU0071,2025-09-30,125300,세트,인스타
O00211,CU0071,2026-01-06,160500,토너,인스타
O00212,CU0071,2026-03-31,147700,크림,인스타
O00213,CU0071,2025-11-24,141600,선크림,인스타
O00214,CU0071,2025-07-08,142900,선크림,인스타
O00215,CU0071,2025-05-18,99100,크림,인스타
O00216,CU0071,2026-01-18,130100,세럼,인스타
O00217,CU0071,2025-10-16,114300,크림,인스타
O00218,CU0071,2025-06-12,137000,크림,인스타
O00219,CU0071,2025-10-13,142200,선크림,인스타
O00220,CU0072,2025-07-05,35700,선크림,인스타
O00221,CU0072,2025-07-10,58400,세럼,인스타
O00222,CU0073,2026-05-13,38800,크림,카카오
O00223,CU0074,2026-06-09,77400,세럼,인스타
O00224,CU0074,2026-04-23,54500,크림,인스타
O00225,CU0074,2026-05-01,41500,세럼,인스타
O00226,CU0075,2025-02-07,66800,세트,자사몰
O00227,CU0075,2026-06-09,100900,토너,자사몰
O00228,CU0075,2026-06-11,84900,크림,자사몰
O00229,CU0075,2026-01-25,79800,클렌저,자사몰
O00230,CU0075,2026-02-22,62800,클렌저,자사몰
O00231,CU0075,2026-02-18,57300,세럼,자사몰
O00232,CU0075,2025-09-15,90400,토너,자사몰
O00233,CU0075,2024-12-27,61500,세트,자사몰
O00234,CU0076,2024-08-31,23200,토너,자사몰
O00235,CU0076,2024-11-15,59200,크림,자사몰
O00236,CU0076,2026-05-18,36600,토너,자사몰
O00237,CU0077,2026-05-06,42800,토너,네이버
O00238,CU0077,2026-03-09,42200,토너,네이버
O00239,CU0078,2025-12-26,13400,클렌저,오프라인
O00240,CU0078,2026-04-18,40100,세트,오프라인
O00241,CU0079,2026-04-30,10500,세럼,오프라인
O00242,CU0079,2026-05-25,29600,세럼,오프라인
O00243,CU0080,2025-09-23,47100,클렌저,오프라인
O00244,CU0080,2025-04-04,26600,선크림,오프라인
O00245,CU0080,2025-12-24,65500,클렌저,오프라인
O00246,CU0081,2026-04-25,91500,토너,인스타
O00247,CU0081,2026-05-18,56400,선크림,인스타
O00248,CU0081,2026-06-02,82700,선크림,인스타
O00249,CU0081,2025-06-22,65600,세트,인스타
O00250,CU0082,2025-11-26,63600,세럼,오프라인
O00251,CU0082,2025-09-18,95300,토너,오프라인
O00252,CU0083,2025-04-22,69500,선크림,오프라인
O00253,CU0083,2025-03-09,71000,세럼,오프라인
O00254,CU0083,2025-05-19,47200,세럼,오프라인
O00255,CU0083,2026-04-15,96900,세럼,오프라인
O00256,CU0083,2025-11-10,55500,클렌저,오프라인
O00257,CU0083,2025-10-01,32600,선크림,오프라인
O00258,CU0083,2025-04-19,61300,토너,오프라인
O00259,CU0083,2025-08-04,82100,세럼,오프라인
O00260,CU0084,2026-05-11,12400,세럼,오프라인
O00261,CU0085,2025-01-26,46800,선크림,오프라인
O00262,CU0086,2025-11-02,136600,클렌저,카카오
O00263,CU0086,2026-01-21,109400,선크림,카카오
O00264,CU0086,2025-05-08,108500,세트,카카오
O00265,CU0086,2025-08-09,129400,세럼,카카오
O00266,CU0086,2025-04-26,105400,크림,카카오
O00267,CU0086,2025-03-10,132200,선크림,카카오
O00268,CU0086,2025-09-17,165100,클렌저,카카오
O00269,CU0086,2025-08-03,128600,세럼,카카오
O00270,CU0086,2025-03-18,103400,세럼,카카오
O00271,CU0086,2025-08-11,158900,크림,카카오
O00272,CU0086,2025-06-27,108800,세럼,카카오
O00273,CU0086,2025-03-29,111400,세트,카카오
O00274,CU0086,2026-03-26,98100,크림,카카오
O00275,CU0086,2025-03-16,154200,선크림,카카오
O00276,CU0086,2025-03-06,120700,토너,카카오
O00277,CU0086,2025-03-24,114600,크림,카카오
O00278,CU0087,2025-07-31,146000,클렌저,오프라인
O00279,CU0087,2025-04-30,130400,클렌저,오프라인
O00280,CU0087,2026-01-10,101400,클렌저,오프라인
O00281,CU0087,2025-05-03,127800,세트,오프라인
O00282,CU0087,2025-04-26,110200,선크림,오프라인
O00283,CU0087,2025-12-11,87100,세트,오프라인
O00284,CU0087,2025-10-04,128300,토너,오프라인
O00285,CU0087,2025-10-19,124800,클렌저,오프라인
O00286,CU0087,2026-02-27,116400,토너,오프라인
O00287,CU0087,2025-11-09,97600,클렌저,오프라인
O00288,CU0087,2025-06-28,100200,세트,오프라인
O00289,CU0087,2025-12-19,140600,세럼,오프라인
O00290,CU0087,2026-05-07,112300,세럼,오프라인
O00291,CU0087,2025-12-22,123400,토너,오프라인
O00292,CU0087,2026-04-22,130700,크림,오프라인
O00293,CU0087,2025-06-26,126600,토너,오프라인
O00294,CU0087,2025-12-31,118400,세트,오프라인
O00295,CU0087,2026-03-10,139100,선크림,오프라인
O00296,CU0087,2025-07-22,157200,세트,오프라인
O00297,CU0087,2025-08-18,131800,토너,오프라인
O00298,CU0087,2025-08-19,162300,크림,오프라인
O00299,CU0088,2026-04-25,64600,클렌저,인스타
O00300,CU0089,2026-04-08,38000,크림,오프라인
O00301,CU0089,2026-04-22,16600,세럼,오프라인
O00302,CU0090,2026-01-26,58500,선크림,오프라인
O00303,CU0090,2026-03-27,105400,크림,오프라인
O00304,CU0090,2026-04-04,86900,세럼,오프라인
O00305,CU0090,2025-12-30,65800,세럼,오프라인
O00306,CU0090,2026-02-14,35200,토너,오프라인
O00307,CU0090,2025-09-04,81900,토너,오프라인
O00308,CU0090,2026-05-27,84700,토너,오프라인
O00309,CU0091,2026-02-11,13900,크림,자사몰
O00310,CU0091,2026-02-18,38500,세럼,자사몰
O00311,CU0092,2025-10-10,44100,클렌저,인스타
O00312,CU0092,2025-10-28,70700,세트,인스타
O00313,CU0092,2025-12-09,43600,선크림,인스타
O00314,CU0092,2025-12-13,44500,클렌저,인스타
O00315,CU0093,2025-10-19,9900,세트,오프라인
O00316,CU0093,2026-04-15,62900,세럼,오프라인
O00317,CU0093,2025-05-25,58900,토너,오프라인
O00318,CU0093,2026-04-12,34300,크림,오프라인
O00319,CU0094,2025-03-07,59100,토너,네이버
O00320,CU0095,2026-04-03,73800,크림,자사몰
O00321,CU0095,2026-05-19,72600,클렌저,자사몰
O00322,CU0095,2026-03-12,57800,클렌저,자사몰
O00323,CU0095,2026-06-10,71200,세트,자사몰
O00324,CU0095,2026-02-23,75000,크림,자사몰
O00325,CU0095,2026-03-04,57500,클렌저,자사몰
O00326,CU0095,2026-05-17,67900,토너,자사몰
O00327,CU0096,2025-11-23,40400,토너,오프라인
O00328,CU0097,2026-03-20,38200,세트,네이버
O00329,CU0097,2025-03-30,40400,세트,네이버
O00330,CU0097,2025-10-06,27300,세럼,네이버
O00331,CU0098,2026-02-03,87800,선크림,네이버
O00332,CU0098,2025-09-15,123800,세트,네이버
O00333,CU0098,2025-07-06,129600,선크림,네이버
O00334,CU0098,2025-01-16,125000,세럼,네이버
O00335,CU0098,2026-02-05,118100,토너,네이버
O00336,CU0098,2025-06-04,99800,클렌저,네이버
O00337,CU0098,2026-04-22,125000,선크림,네이버
O00338,CU0098,2025-12-09,112300,크림,네이버
O00339,CU0098,2026-02-15,127900,세럼,네이버
O00340,CU0098,2025-01-26,93700,선크림,네이버
O00341,CU0098,2024-10-18,114900,크림,네이버
O00342,CU0098,2026-01-28,164800,크림,네이버
O00343,CU0098,2024-12-26,148100,세럼,네이버
O00344,CU0098,2025-02-21,118400,세트,네이버
O00345,CU0099,2026-05-23,53600,클렌저,인스타
O00346,CU0100,2025-07-12,30500,클렌저,오프라인
O00347,CU0101,2025-07-18,39200,세럼,자사몰
O00348,CU0101,2026-05-18,32000,토너,자사몰
O00349,CU0101,2025-08-19,48200,크림,자사몰
O00350,CU0101,2025-08-07,29400,세트,자사몰
O00351,CU0102,2025-11-13,47900,세럼,자사몰
O00352,CU0102,2025-11-07,22100,클렌저,자사몰
O00353,CU0102,2026-04-05,27300,크림,자사몰
O00354,CU0102,2026-03-10,34600,크림,자사몰
O00355,CU0103,2024-07-08,55700,클렌저,인스타
O00356,CU0103,2025-01-08,69400,선크림,인스타
O00357,CU0103,2024-08-23,56800,선크림,인스타
O00358,CU0103,2024-10-03,46500,선크림,인스타
O00359,CU0104,2025-02-08,44400,크림,오프라인
O00360,CU0105,2025-09-19,41000,세럼,카카오
O00361,CU0106,2026-03-02,9900,세트,자사몰
O00362,CU0106,2026-05-21,33600,세트,자사몰
O00363,CU0107,2025-02-18,42800,세트,자사몰
O00364,CU0108,2025-10-05,29600,크림,인스타
O00365,CU0108,2026-01-20,61700,세럼,인스타
O00366,CU0108,2025-10-20,29500,크림,인스타
O00367,CU0109,2026-01-16,47800,토너,네이버
O00368,CU0110,2024-11-16,132200,선크림,인스타
O00369,CU0110,2025-11-25,127800,크림,인스타
O00370,CU0110,2025-08-09,128200,세럼,인스타
O00371,CU0110,2025-04-14,176100,크림,인스타
O00372,CU0110,2026-03-05,116400,세트,인스타
O00373,CU0110,2024-09-06,98800,크림,인스타
O00374,CU0110,2026-02-25,133400,크림,인스타
O00375,CU0110,2025-01-20,112900,크림,인스타
O00376,CU0110,2024-09-15,122700,세럼,인스타
O00377,CU0110,2024-11-23,130400,크림,인스타
O00378,CU0110,2024-07-22,136500,선크림,인스타
O00379,CU0110,2026-06-13,119300,세럼,인스타
O00380,CU0111,2026-05-09,9900,세트,인스타
O00381,CU0112,2025-09-30,72300,선크림,카카오
O00382,CU0112,2025-08-10,33700,세트,카카오
O00383,CU0112,2025-06-24,44900,세럼,카카오
O00384,CU0113,2025-09-22,24800,토너,자사몰
O00385,CU0114,2025-12-07,83100,클렌저,인스타
O00386,CU0114,2026-04-11,80600,크림,인스타
O00387,CU0114,2025-01-20,81300,클렌저,인스타
O00388,CU0114,2025-07-29,87000,세럼,인스타
O00389,CU0114,2026-05-15,88300,토너,인스타
O00390,CU0115,2025-11-28,9900,세트,카카오
O00391,CU0116,2026-01-28,31900,클렌저,카카오
O00392,CU0116,2026-01-16,54800,세트,카카오
O00393,CU0116,2026-02-21,52500,클렌저,카카오
O00394,CU0117,2024-09-04,49200,세트,자사몰
O00395,CU0117,2026-06-03,62900,크림,자사몰
O00396,CU0118,2026-05-30,31400,세트,오프라인
O00397,CU0118,2025-11-16,38400,토너,오프라인
O00398,CU0118,2026-04-23,56800,토너,오프라인
O00399,CU0119,2025-07-30,11900,토너,인스타
O00400,CU0120,2026-05-06,47000,세트,카카오
O00401,CU0120,2026-03-30,40900,세럼,카카오
O00402,CU0120,2026-05-10,52000,세럼,카카오
O00403,CU0121,2025-09-15,36800,토너,인스타
O00404,CU0121,2024-12-25,39100,선크림,인스타
O00405,CU0122,2025-04-25,39800,토너,자사몰
O00406,CU0122,2025-11-26,29500,클렌저,자사몰
O00407,CU0123,2026-04-07,59900,클렌저,카카오
O00408,CU0123,2024-10-13,86600,세트,카카오
O00409,CU0123,2024-12-12,85000,클렌저,카카오
O00410,CU0123,2025-03-12,54400,크림,카카오
O00411,CU0123,2024-03-01,49600,클렌저,카카오
O00412,CU0123,2026-05-01,60700,클렌저,카카오
O00413,CU0123,2025-01-14,74400,크림,카카오
O00414,CU0124,2025-11-14,33600,크림,인스타
O00415,CU0125,2026-01-04,77000,선크림,인스타
O00416,CU0125,2025-11-09,66200,선크림,인스타
O00417,CU0125,2025-07-21,117800,세럼,인스타
O00418,CU0125,2024-05-03,121100,세트,인스타
O00419,CU0125,2024-12-01,87700,클렌저,인스타
O00420,CU0125,2025-09-25,71900,세럼,인스타
O00421,CU0125,2024-11-20,72300,크림,인스타
O00422,CU0126,2026-06-07,60400,세럼,자사몰
O00423,CU0126,2025-11-09,21700,세럼,자사몰
O00424,CU0126,2025-11-14,57700,선크림,자사몰
O00425,CU0127,2025-11-16,47200,선크림,자사몰
O00426,CU0127,2025-09-14,35800,크림,자사몰
O00427,CU0128,2025-08-02,42900,세럼,네이버
O00428,CU0128,2026-02-10,37300,세럼,네이버
O00429,CU0129,2026-04-25,41200,세럼,자사몰
O00430,CU0130,2026-04-08,79400,토너,카카오
O00431,CU0130,2025-08-31,48000,세럼,카카오
O00432,CU0131,2025-05-20,59600,세럼,자사몰
O00433,CU0131,2026-04-08,13600,토너,자사몰
O00434,CU0131,2026-02-06,62700,선크림,자사몰
O00435,CU0132,2026-06-02,61500,선크림,오프라인
O00436,CU0132,2025-11-22,28200,세트,오프라인
O00437,CU0132,2025-12-11,15000,크림,오프라인
O00438,CU0133,2026-02-18,17600,크림,자사몰
O00439,CU0134,2026-04-25,33600,크림,자사몰
O00440,CU0135,2024-05-08,13900,세럼,자사몰
O00441,CU0136,2025-05-06,18200,클렌저,카카오
O00442,CU0137,2026-02-17,55600,세럼,인스타
O00443,CU0138,2026-01-21,98900,클렌저,인스타
O00444,CU0138,2025-11-01,55200,클렌저,인스타
O00445,CU0138,2026-05-13,79900,크림,인스타
O00446,CU0138,2026-06-12,100600,선크림,인스타
O00447,CU0138,2026-01-20,62900,크림,인스타
O00448,CU0138,2026-04-10,41200,클렌저,인스타
O00449,CU0138,2025-11-09,65900,크림,인스타
O00450,CU0138,2025-10-17,99800,세럼,인스타
O00451,CU0139,2025-09-11,33000,세럼,자사몰
O00452,CU0139,2025-02-20,9900,세트,자사몰
O00453,CU0139,2025-07-02,22000,토너,자사몰
O00454,CU0140,2026-05-29,15900,세트,오프라인
O00455,CU0140,2026-05-25,80100,토너,오프라인
O00456,CU0140,2026-05-28,43000,크림,오프라인
O00457,CU0141,2025-07-14,32400,세트,네이버
O00458,CU0141,2025-09-22,62400,클렌저,네이버
O00459,CU0142,2025-07-15,150200,선크림,오프라인
O00460,CU0142,2025-09-17,148500,크림,오프라인
O00461,CU0142,2026-02-10,109000,토너,오프라인
O00462,CU0142,2025-10-05,161900,클렌저,오프라인
O00463,CU0142,2026-05-12,119800,크림,오프라인
O00464,CU0142,2025-05-08,146000,토너,오프라인
O00465,CU0142,2026-06-08,111500,클렌저,오프라인
O00466,CU0142,2024-11-03,130400,선크림,오프라인
O00467,CU0143,2026-01-04,43700,클렌저,오프라인
O00468,CU0144,2025-09-19,88000,크림,자사몰
O00469,CU0144,2026-06-03,37100,클렌저,자사몰
O00470,CU0144,2026-04-05,64000,토너,자사몰
O00471,CU0144,2026-05-12,44200,세트,자사몰
O00472,CU0144,2025-12-31,108100,선크림,자사몰
O00473,CU0144,2025-10-01,98500,세트,자사몰
O00474,CU0145,2026-04-09,12000,클렌저,오프라인
O00475,CU0145,2024-11-01,43400,크림,오프라인
O00476,CU0146,2025-12-27,89100,선크림,오프라인
O00477,CU0146,2026-01-26,9900,토너,오프라인
O00478,CU0147,2026-02-02,56400,토너,카카오
O00479,CU0147,2025-01-31,54400,클렌저,카카오
O00480,CU0147,2026-05-22,70700,클렌저,카카오
O00481,CU0147,2025-03-31,59900,선크림,카카오
O00482,CU0147,2025-12-05,58000,클렌저,카카오
O00483,CU0147,2025-01-10,83700,토너,카카오
O00484,CU0148,2025-12-10,38700,토너,인스타
O00485,CU0149,2024-10-09,89000,크림,카카오
O00486,CU0149,2025-06-02,58100,세럼,카카오
O00487,CU0149,2025-09-01,59100,토너,카카오
O00488,CU0149,2026-04-04,73500,선크림,카카오
O00489,CU0149,2026-03-24,75100,세럼,카카오
O00490,CU0150,2026-04-18,17500,세럼,네이버
O00491,CU0151,2025-08-25,76400,크림,네이버
O00492,CU0151,2025-12-21,43000,클렌저,네이버
O00493,CU0151,2026-01-18,67800,세럼,네이버
O00494,CU0151,2026-01-11,75800,선크림,네이버
O00495,CU0151,2025-09-01,76800,선크림,네이버
O00496,CU0151,2026-01-17,77900,크림,네이버
O00497,CU0151,2025-11-29,99500,세럼,네이버
O00498,CU0151,2025-12-27,74100,크림,네이버
O00499,CU0152,2025-10-15,36300,클렌저,네이버
O00500,CU0152,2025-09-16,34700,세트,네이버
O00501,CU0153,2025-11-29,149000,클렌저,네이버
O00502,CU0153,2026-05-20,140400,선크림,네이버
O00503,CU0153,2025-12-22,118900,세트,네이버
O00504,CU0153,2026-05-06,142800,토너,네이버
O00505,CU0153,2026-05-30,112400,토너,네이버
O00506,CU0153,2026-02-20,142000,토너,네이버
O00507,CU0153,2025-11-06,110300,세럼,네이버
O00508,CU0153,2026-06-14,116100,세럼,네이버
O00509,CU0153,2025-08-03,125300,토너,네이버
O00510,CU0153,2025-09-30,122300,클렌저,네이버
O00511,CU0153,2025-05-23,102900,클렌저,네이버
O00512,CU0153,2025-11-15,155300,세럼,네이버
O00513,CU0153,2025-10-18,134500,세럼,네이버
O00514,CU0153,2026-05-06,109300,선크림,네이버
O00515,CU0153,2026-05-12,146800,토너,네이버
O00516,CU0153,2026-02-14,160900,선크림,네이버
O00517,CU0153,2025-06-03,87200,선크림,네이버
O00518,CU0153,2026-03-07,110300,선크림,네이버
O00519,CU0153,2025-07-24,124000,클렌저,네이버
O00520,CU0153,2025-08-25,132800,크림,네이버
O00521,CU0153,2026-01-15,154600,클렌저,네이버
O00522,CU0154,2026-05-16,58800,선크림,오프라인
O00523,CU0154,2024-11-03,24300,세럼,오프라인
O00524,CU0154,2025-04-23,35800,크림,오프라인
O00525,CU0155,2025-11-06,35700,세럼,네이버
O00526,CU0156,2026-02-08,53300,세럼,자사몰
O00527,CU0156,2026-03-11,77600,토너,자사몰
O00528,CU0156,2026-03-25,42200,클렌저,자사몰
O00529,CU0157,2025-03-15,31600,선크림,인스타
O00530,CU0157,2026-03-22,40800,선크림,인스타
O00531,CU0158,2026-01-27,87100,선크림,카카오
O00532,CU0158,2026-03-15,103200,세럼,카카오
O00533,CU0158,2026-05-15,44200,세럼,카카오
O00534,CU0158,2026-03-30,64900,세트,카카오
O00535,CU0158,2026-03-26,90100,세트,카카오
O00536,CU0158,2026-03-05,43300,크림,카카오
O00537,CU0158,2026-04-16,84900,크림,카카오
O00538,CU0158,2025-12-29,82800,토너,카카오
O00539,CU0159,2025-11-07,22500,선크림,자사몰
O00540,CU0160,2026-05-17,58600,클렌저,오프라인
O00541,CU0161,2026-03-26,110100,클렌저,네이버
O00542,CU0161,2025-08-19,139600,세럼,네이버
O00543,CU0161,2025-07-24,142200,토너,네이버
O00544,CU0161,2025-12-24,100400,선크림,네이버
O00545,CU0161,2025-09-01,118800,선크림,네이버
O00546,CU0161,2026-02-23,143600,세럼,네이버
O00547,CU0161,2026-03-18,153200,세트,네이버
O00548,CU0161,2025-11-03,126500,선크림,네이버
O00549,CU0161,2026-02-13,125900,클렌저,네이버
O00550,CU0161,2026-05-03,123100,세트,네이버
O00551,CU0161,2026-06-07,140600,세럼,네이버
O00552,CU0161,2025-11-27,120100,클렌저,네이버
O00553,CU0162,2025-05-10,51300,클렌저,오프라인
O00554,CU0162,2024-10-26,27700,토너,오프라인
O00555,CU0163,2026-04-18,59300,토너,네이버
O00556,CU0163,2026-02-14,44800,세트,네이버
O00557,CU0164,2026-02-20,49800,토너,네이버
O00558,CU0164,2025-08-03,43200,클렌저,네이버
O00559,CU0164,2026-01-07,48400,세럼,네이버
O00560,CU0164,2025-08-31,9900,세럼,네이버
O00561,CU0165,2026-05-04,16100,크림,카카오
O00562,CU0166,2024-07-06,21200,토너,네이버
O00563,CU0167,2026-04-04,31200,세트,인스타
O00564,CU0167,2026-04-16,38300,토너,인스타
O00565,CU0167,2025-06-21,62900,토너,인스타
O00566,CU0168,2026-02-01,28600,토너,네이버
O00567,CU0169,2025-10-07,19400,클렌저,카카오
O00568,CU0170,2025-07-26,74900,선크림,자사몰
O00569,CU0170,2026-01-29,100500,세럼,자사몰
O00570,CU0170,2025-09-25,27600,클렌저,자사몰
O00571,CU0170,2026-03-24,72400,선크림,자사몰
O00572,CU0170,2025-02-20,53700,세럼,자사몰
O00573,CU0170,2025-07-13,113000,클렌저,자사몰
O00574,CU0170,2024-12-23,68500,세트,자사몰
O00575,CU0170,2024-07-22,86100,선크림,자사몰
O00576,CU0171,2026-02-07,23900,세트,네이버
O00577,CU0172,2025-09-09,93100,토너,자사몰
O00578,CU0172,2026-04-21,114200,세트,자사몰
O00579,CU0172,2026-06-13,89200,크림,자사몰
O00580,CU0172,2024-10-04,51000,세럼,자사몰
O00581,CU0172,2025-06-05,58100,클렌저,자사몰
O00582,CU0172,2024-06-19,74600,크림,자사몰
O00583,CU0173,2026-05-09,50500,세럼,카카오
O00584,CU0173,2026-04-08,58900,선크림,카카오
O00585,CU0173,2026-03-12,25700,토너,카카오
O00586,CU0174,2026-04-15,44000,선크림,카카오
O00587,CU0174,2026-03-12,49100,선크림,카카오
O00588,CU0175,2025-05-08,75400,세럼,카카오
O00589,CU0175,2025-07-03,66400,클렌저,카카오
O00590,CU0175,2026-05-14,46100,토너,카카오
O00591,CU0175,2025-05-31,42400,선크림,카카오
O00592,CU0176,2025-10-22,21200,크림,네이버
O00593,CU0177,2025-10-08,77000,토너,네이버
O00594,CU0177,2026-05-05,92200,세럼,네이버
O00595,CU0177,2025-09-22,86300,클렌저,네이버
O00596,CU0177,2026-01-07,94800,크림,네이버
O00597,CU0177,2026-02-27,68500,크림,네이버
O00598,CU0177,2025-12-23,40400,클렌저,네이버
O00599,CU0177,2025-11-16,53500,선크림,네이버
O00600,CU0178,2026-03-17,15700,세트,인스타
O00601,CU0179,2025-08-23,33600,토너,오프라인
O00602,CU0179,2026-01-20,59100,선크림,오프라인
O00603,CU0179,2026-02-20,52700,선크림,오프라인
O00604,CU0179,2026-05-19,45900,세럼,오프라인
O00605,CU0180,2026-03-06,38500,세트,네이버
O00606,CU0180,2026-05-04,42700,선크림,네이버
O00607,CU0180,2025-11-20,23100,클렌저,네이버
O00608,CU0181,2026-04-08,17000,클렌저,카카오
O00609,CU0181,2026-04-08,58000,클렌저,카카오
O00610,CU0181,2025-12-22,60500,세럼,카카오
O00611,CU0181,2026-02-24,26400,크림,카카오
O00612,CU0182,2026-03-01,63500,토너,카카오
O00613,CU0183,2025-02-22,46400,세럼,카카오
O00614,CU0184,2024-06-30,34400,클렌저,자사몰
O00615,CU0185,2026-03-08,9900,크림,오프라인
O00616,CU0185,2025-10-03,10700,토너,오프라인
O00617,CU0186,2025-11-27,31200,크림,자사몰
O00618,CU0186,2026-01-29,57200,세트,자사몰
O00619,CU0186,2025-09-07,35600,세럼,자사몰
O00620,CU0187,2026-04-29,29900,토너,네이버
O00621,CU0188,2025-03-10,50500,클렌저,카카오
O00622,CU0189,2026-03-31,41000,토너,오프라인
O00623,CU0190,2026-02-10,9900,세트,네이버
O00624,CU0190,2026-03-04,53100,세트,네이버
O00625,CU0190,2026-05-01,56100,선크림,네이버
O00626,CU0191,2026-04-08,33300,세트,인스타
O00627,CU0191,2025-10-31,45900,세럼,인스타
O00628,CU0192,2025-01-21,44100,세럼,자사몰
O00629,CU0192,2025-04-18,91800,크림,자사몰
O00630,CU0193,2026-04-09,57700,세럼,인스타
O00631,CU0193,2026-03-07,60700,세트,인스타
O00632,CU0193,2026-04-09,24600,선크림,인스타
O00633,CU0193,2026-03-12,54100,선크림,인스타
O00634,CU0194,2025-06-21,38800,세럼,네이버
O00635,CU0195,2025-11-03,44200,클렌저,인스타
O00636,CU0195,2024-11-29,42400,토너,인스타
O00637,CU0196,2025-08-20,31600,클렌저,오프라인
O00638,CU0197,2025-12-03,46500,세럼,자사몰
O00639,CU0198,2026-05-31,26900,세럼,인스타
O00640,CU0199,2026-01-24,85900,세럼,네이버
O00641,CU0199,2026-02-04,70800,세럼,네이버
O00642,CU0199,2025-12-04,82100,세트,네이버
O00643,CU0199,2026-03-22,76700,클렌저,네이버
O00644,CU0200,2025-02-17,9900,세럼,네이버
O00645,CU0200,2025-03-23,22600,세트,네이버
O00646,CU0201,2026-05-14,9900,세트,네이버
O00647,CU0201,2026-05-26,13000,세트,네이버
O00648,CU0202,2026-06-09,9900,클렌저,자사몰
O00649,CU0202,2026-04-17,47900,토너,자사몰
O00650,CU0203,2025-03-13,9900,세트,카카오
O00651,CU0204,2025-08-18,19100,선크림,네이버
O00652,CU0204,2026-05-07,28500,세럼,네이버
O00653,CU0205,2025-07-01,37000,세트,카카오
O00654,CU0206,2025-11-16,27100,클렌저,인스타
O00655,CU0206,2025-09-04,72700,크림,인스타
O00656,CU0206,2026-01-09,43700,토너,인스타
O00657,CU0207,2024-12-24,9900,크림,네이버
O00658,CU0208,2024-06-17,16800,선크림,오프라인
O00659,CU0208,2025-09-15,14400,세럼,오프라인
O00660,CU0209,2025-10-18,38800,세트,자사몰
O00661,CU0209,2026-05-11,44800,크림,자사몰
O00662,CU0209,2024-12-26,41100,선크림,자사몰
O00663,CU0209,2025-05-18,49800,크림,자사몰
O00664,CU0210,2025-09-03,45100,클렌저,네이버
O00665,CU0210,2025-10-21,14700,크림,네이버
O00666,CU0211,2025-10-04,23300,선크림,자사몰
O00667,CU0212,2025-02-22,122200,크림,자사몰
O00668,CU0212,2026-01-11,160000,크림,자사몰
O00669,CU0212,2025-11-29,73800,토너,자사몰
O00670,CU0212,2026-05-17,150100,토너,자사몰
O00671,CU0212,2026-05-05,143400,클렌저,자사몰
O00672,CU0212,2024-08-28,133600,선크림,자사몰
O00673,CU0212,2025-12-27,141700,선크림,자사몰
O00674,CU0212,2025-07-26,115700,클렌저,자사몰
O00675,CU0212,2024-08-30,141500,세트,자사몰
O00676,CU0212,2025-10-05,114400,선크림,자사몰
O00677,CU0212,2025-12-25,110800,세럼,자사몰
O00678,CU0212,2025-03-15,158700,클렌저,자사몰
O00679,CU0213,2026-02-01,13100,선크림,오프라인
O00680,CU0213,2026-06-07,9900,세트,오프라인
O00681,CU0214,2025-11-01,58300,세럼,자사몰
O00682,CU0214,2025-12-02,37900,토너,자사몰
O00683,CU0215,2025-07-06,79500,세럼,인스타
O00684,CU0215,2025-04-06,106300,토너,인스타
O00685,CU0215,2026-03-12,14400,세럼,인스타
O00686,CU0215,2024-09-06,81500,세트,인스타
O00687,CU0215,2024-09-23,74500,크림,인스타
O00688,CU0215,2025-01-10,110200,선크림,인스타
O00689,CU0216,2024-11-13,44800,클렌저,인스타
O00690,CU0217,2025-11-28,37700,세트,인스타
O00691,CU0217,2025-06-02,9900,크림,인스타
O00692,CU0218,2025-06-20,48100,세럼,카카오
O00693,CU0219,2026-03-10,34500,세트,오프라인
O00694,CU0219,2025-07-28,37200,세트,오프라인
O00695,CU0219,2026-02-02,49100,세트,오프라인
O00696,CU0219,2026-02-06,69000,세트,오프라인
O00697,CU0220,2026-04-09,35100,크림,인스타
O00698,CU0220,2025-12-02,56500,크림,인스타
O00699,CU0221,2025-09-24,32200,크림,인스타
O00700,CU0221,2026-05-08,32900,선크림,인스타
O00701,CU0222,2026-03-22,78500,선크림,인스타
O00702,CU0222,2026-01-05,73000,토너,인스타
O00703,CU0222,2026-01-11,74600,클렌저,인스타
O00704,CU0222,2026-03-23,68600,세트,인스타
O00705,CU0222,2025-12-16,77500,세트,인스타
O00706,CU0222,2026-06-14,59400,크림,인스타
O00707,CU0223,2025-11-21,38400,클렌저,인스타
O00708,CU0223,2026-03-23,9900,선크림,인스타
O00709,CU0224,2025-09-20,107600,크림,오프라인
O00710,CU0224,2025-01-29,124700,토너,오프라인
O00711,CU0224,2024-09-20,103500,세트,오프라인
O00712,CU0224,2025-01-03,119600,클렌저,오프라인
O00713,CU0224,2025-09-07,134300,세트,오프라인
O00714,CU0224,2024-10-27,119600,클렌저,오프라인
O00715,CU0224,2026-05-14,116300,세럼,오프라인
O00716,CU0224,2025-01-28,136900,크림,오프라인
O00717,CU0224,2025-06-21,129600,세럼,오프라인
O00718,CU0224,2026-03-22,111800,크림,오프라인
O00719,CU0224,2024-12-29,161600,토너,오프라인
O00720,CU0224,2024-09-09,149500,토너,오프라인
O00721,CU0224,2026-05-03,144900,클렌저,오프라인
O00722,CU0224,2024-09-06,145600,세트,오프라인
O00723,CU0224,2025-07-13,102900,클렌저,오프라인
O00724,CU0224,2025-05-27,150800,크림,오프라인
O00725,CU0224,2026-02-11,139800,선크림,오프라인
O00726,CU0224,2025-03-12,115800,클렌저,오프라인
O00727,CU0225,2026-03-12,80700,세럼,카카오
O00728,CU0225,2026-03-14,34800,클렌저,카카오
O00729,CU0226,2025-11-06,44500,클렌저,자사몰
O00730,CU0226,2026-05-11,24500,세트,자사몰
O00731,CU0227,2025-12-25,101900,세럼,카카오
O00732,CU0227,2026-01-22,149400,크림,카카오
O00733,CU0227,2025-12-11,97600,클렌저,카카오
O00734,CU0227,2025-11-07,145600,토너,카카오
O00735,CU0227,2026-06-09,116900,선크림,카카오
O00736,CU0227,2026-01-03,104500,토너,카카오
O00737,CU0227,2026-01-08,121900,세트,카카오
O00738,CU0227,2026-03-06,142200,세트,카카오
O00739,CU0227,2026-04-13,110000,선크림,카카오
O00740,CU0227,2026-05-28,127000,크림,카카오
O00741,CU0227,2026-03-21,136400,세럼,카카오
O00742,CU0227,2026-02-16,97100,세럼,카카오
O00743,CU0227,2026-01-18,142300,크림,카카오
O00744,CU0227,2026-04-11,100500,세트,카카오
O00745,CU0227,2026-03-01,145500,세트,카카오
O00746,CU0227,2025-12-14,164500,세트,카카오
O00747,CU0227,2025-11-24,146300,세럼,카카오
O00748,CU0228,2024-03-16,56700,토너,인스타
O00749,CU0229,2026-06-13,67900,크림,인스타
O00750,CU0229,2026-05-10,63500,토너,인스타
O00751,CU0229,2026-04-05,65900,세트,인스타
O00752,CU0229,2026-03-22,69000,세트,인스타
O00753,CU0229,2026-05-05,50000,세럼,인스타
O00754,CU0230,2026-01-01,28100,크림,네이버
O00755,CU0230,2025-08-08,42700,세트,네이버
O00756,CU0231,2026-03-21,73200,클렌저,오프라인
O00757,CU0231,2026-05-16,29900,세트,오프라인
O00758,CU0231,2026-05-05,42700,크림,오프라인
O00759,CU0231,2026-04-20,43600,클렌저,오프라인
O00760,CU0232,2026-01-04,9900,선크림,카카오
O00761,CU0232,2025-11-11,45400,클렌저,카카오
O00762,CU0233,2026-01-01,46100,세럼,카카오
O00763,CU0234,2026-04-07,25600,세럼,인스타
O00764,CU0234,2026-03-31,45900,크림,인스타
O00765,CU0234,2025-10-16,53300,클렌저,인스타
O00766,CU0234,2025-01-20,18800,세트,인스타
O00767,CU0235,2026-02-16,30200,클렌저,네이버
O00768,CU0235,2025-09-02,31600,크림,네이버
O00769,CU0236,2025-08-25,136800,선크림,카카오
O00770,CU0236,2024-12-05,178900,크림,카카오
O00771,CU0236,2025-03-17,140300,클렌저,카카오
O00772,CU0236,2025-07-26,105500,선크림,카카오
O00773,CU0236,2025-04-15,120200,클렌저,카카오
O00774,CU0236,2025-10-27,146800,클렌저,카카오
O00775,CU0236,2024-09-25,110900,세트,카카오
O00776,CU0236,2026-05-23,152700,세트,카카오
O00777,CU0236,2024-09-29,105500,크림,카카오
O00778,CU0236,2026-04-08,116600,클렌저,카카오
O00779,CU0236,2025-06-03,133300,세트,카카오
O00780,CU0236,2025-08-30,151600,선크림,카카오
O00781,CU0236,2025-07-20,131700,토너,카카오
O00782,CU0236,2025-02-11,120200,크림,카카오
O00783,CU0236,2025-11-03,129100,세트,카카오
O00784,CU0236,2025-04-06,142900,클렌저,카카오
O00785,CU0236,2025-08-13,105900,선크림,카카오
O00786,CU0236,2025-12-22,155400,세트,카카오
O00787,CU0236,2025-06-13,152200,세트,카카오
O00788,CU0236,2025-11-29,100200,토너,카카오
O00789,CU0236,2024-10-15,107200,크림,카카오
O00790,CU0237,2024-11-05,76000,선크림,인스타
O00791,CU0237,2026-02-27,93100,크림,인스타
O00792,CU0237,2025-05-19,114400,세트,인스타
O00793,CU0237,2024-04-20,80600,선크림,인스타
O00794,CU0237,2024-06-24,76200,세럼,인스타
O00795,CU0237,2026-04-23,79800,크림,인스타
O00796,CU0237,2026-01-20,69300,세럼,인스타
O00797,CU0237,2025-04-30,89100,클렌저,인스타
O00798,CU0238,2026-05-26,13800,선크림,오프라인
O00799,CU0238,2026-06-12,74100,클렌저,오프라인
O00800,CU0239,2025-06-08,12300,선크림,자사몰
O00801,CU0239,2024-12-01,24000,선크림,자사몰
O00802,CU0240,2025-06-04,29700,클렌저,자사몰
O00803,CU0240,2025-07-17,27900,크림,자사몰
O00804,CU0241,2026-03-30,32700,선크림,네이버
O00805,CU0242,2025-12-11,32300,세트,네이버
O00806,CU0242,2025-02-14,17200,선크림,네이버
O00807,CU0243,2025-10-05,54100,크림,오프라인
O00808,CU0244,2025-08-13,63200,크림,인스타
O00809,CU0244,2024-10-28,58600,세럼,인스타
O00810,CU0244,2025-03-29,91300,크림,인스타
O00811,CU0244,2024-09-28,64600,세트,인스타
O00812,CU0245,2026-04-14,35600,선크림,네이버
O00813,CU0246,2026-06-10,49200,세트,자사몰
O00814,CU0246,2026-06-10,32100,크림,자사몰
O00815,CU0247,2026-02-24,22300,클렌저,카카오
O00816,CU0248,2026-06-01,39500,토너,인스타
O00817,CU0248,2026-05-11,59900,크림,인스타
O00818,CU0249,2026-01-23,21100,세럼,인스타
O00819,CU0250,2026-04-16,52900,토너,인스타
O00820,CU0250,2026-03-01,39700,토너,인스타
O00821,CU0250,2026-03-20,11200,세트,인스타
O00822,CU0251,2025-10-13,47700,선크림,네이버
O00823,CU0252,2025-11-16,17100,세럼,인스타
O00824,CU0252,2025-10-23,29600,클렌저,인스타
O00825,CU0253,2026-03-28,9900,세럼,카카오
O00826,CU0253,2026-03-20,62500,크림,카카오
O00827,CU0254,2024-11-16,13800,세럼,네이버
O00828,CU0254,2025-03-02,68200,클렌저,네이버
O00829,CU0254,2025-11-02,37300,토너,네이버
O00830,CU0255,2026-06-13,64300,클렌저,네이버
O00831,CU0255,2026-01-04,48400,클렌저,네이버
O00832,CU0255,2026-02-06,55400,크림,네이버
O00833,CU0256,2026-04-04,44700,세트,오프라인
O00834,CU0256,2026-04-25,45000,세트,오프라인
O00835,CU0256,2026-05-30,55700,클렌저,오프라인
O00836,CU0256,2026-06-04,69500,크림,오프라인
O00837,CU0257,2026-05-21,36100,선크림,오프라인
O00838,CU0257,2026-05-31,117100,클렌저,오프라인
O00839,CU0257,2026-05-25,70500,선크림,오프라인
O00840,CU0257,2026-05-22,80900,크림,오프라인
O00841,CU0257,2026-06-10,50800,크림,오프라인
O00842,CU0257,2026-06-12,37600,토너,오프라인
O00843,CU0257,2026-05-17,84500,크림,오프라인
O00844,CU0258,2026-04-24,11200,세트,자사몰
O00845,CU0259,2025-12-29,27500,클렌저,인스타
O00846,CU0259,2026-04-23,37700,크림,인스타
O00847,CU0260,2024-08-14,9900,크림,네이버
O00848,CU0260,2025-06-15,13000,토너,네이버
O00849,CU0261,2025-05-09,68600,세럼,카카오
O00850,CU0261,2026-02-28,50200,세럼,카카오
O00851,CU0261,2025-10-11,66700,크림,카카오
O00852,CU0261,2026-02-10,72300,선크림,카카오
O00853,CU0261,2026-05-19,36000,토너,카카오
O00854,CU0261,2025-08-16,74400,세트,카카오
O00855,CU0261,2025-05-18,56500,세럼,카카오
O00856,CU0261,2025-10-27,89200,클렌저,카카오
O00857,CU0262,2025-07-20,68600,크림,카카오
O00858,CU0262,2025-10-03,45100,세트,카카오
O00859,CU0262,2025-04-18,70500,클렌저,카카오
O00860,CU0262,2025-08-19,57000,클렌저,카카오
O00861,CU0263,2024-06-05,33400,크림,카카오
O00862,CU0263,2024-10-03,24400,세트,카카오
O00863,CU0264,2026-05-13,129500,선크림,인스타
O00864,CU0264,2026-03-19,124400,크림,인스타
O00865,CU0264,2026-05-27,107700,세럼,인스타
O00866,CU0264,2026-03-24,120000,세트,인스타
O00867,CU0264,2026-03-22,106100,크림,인스타
O00868,CU0264,2026-06-04,144700,토너,인스타
O00869,CU0264,2026-03-16,137700,세럼,인스타
O00870,CU0264,2026-02-24,82400,클렌저,인스타
O00871,CU0264,2026-03-02,144900,세럼,인스타
O00872,CU0264,2026-02-24,123500,클렌저,인스타
O00873,CU0264,2026-03-02,95800,선크림,인스타
O00874,CU0264,2026-06-05,133500,클렌저,인스타
O00875,CU0264,2026-05-31,125000,크림,인스타
O00876,CU0264,2026-05-20,151200,세럼,인스타
O00877,CU0264,2026-04-14,104500,크림,인스타
O00878,CU0265,2026-05-16,60400,세럼,자사몰
O00879,CU0265,2026-06-10,9900,선크림,자사몰
O00880,CU0265,2026-06-03,54200,선크림,자사몰
O00881,CU0265,2026-04-30,51200,선크림,자사몰
O00882,CU0266,2025-11-06,28500,세럼,자사몰
O00883,CU0266,2026-02-17,51000,클렌저,자사몰
O00884,CU0267,2025-11-08,77800,크림,오프라인
O00885,CU0267,2025-11-27,81800,토너,오프라인
O00886,CU0267,2026-04-08,84100,클렌저,오프라인
O00887,CU0267,2026-03-07,68600,세트,오프라인
O00888,CU0267,2024-12-03,53800,토너,오프라인
O00889,CU0268,2026-06-04,29700,세럼,오프라인
O00890,CU0268,2026-05-28,24600,클렌저,오프라인
O00891,CU0269,2025-06-26,9900,클렌저,오프라인
O00892,CU0270,2026-04-18,43500,선크림,오프라인
O00893,CU0270,2026-05-22,43500,선크림,오프라인
O00894,CU0271,2026-03-18,59000,선크림,자사몰
O00895,CU0271,2026-04-30,77100,클렌저,자사몰
O00896,CU0271,2025-09-19,68200,세럼,자사몰
O00897,CU0272,2025-02-11,29000,세트,자사몰
O00898,CU0272,2024-10-03,27000,세럼,자사몰
O00899,CU0272,2024-04-20,49800,선크림,자사몰
O00900,CU0272,2025-01-20,96200,세트,자사몰
O00901,CU0273,2025-07-27,40200,세트,인스타
O00902,CU0274,2026-05-14,18800,토너,인스타
O00903,CU0274,2026-03-01,73700,세럼,인스타
O00904,CU0275,2026-03-05,20400,세트,오프라인
O00905,CU0275,2026-05-29,31300,크림,오프라인
O00906,CU0276,2026-03-26,39700,선크림,네이버
O00907,CU0277,2026-05-27,69900,클렌저,카카오
O00908,CU0277,2026-03-12,69000,선크림,카카오
O00909,CU0278,2026-03-11,149800,선크림,오프라인
O00910,CU0278,2025-08-19,113600,크림,오프라인
O00911,CU0278,2026-05-11,155800,선크림,오프라인
O00912,CU0278,2025-09-20,110200,세트,오프라인
O00913,CU0278,2025-10-29,142900,세럼,오프라인
O00914,CU0278,2025-04-30,99700,클렌저,오프라인
O00915,CU0278,2025-08-08,137000,선크림,오프라인
O00916,CU0278,2025-05-29,118700,크림,오프라인
O00917,CU0278,2025-12-09,109600,세럼,오프라인
O00918,CU0278,2025-03-23,133100,세트,오프라인
O00919,CU0278,2025-11-18,126700,선크림,오프라인
O00920,CU0278,2025-12-18,158600,선크림,오프라인
O00921,CU0278,2026-05-10,102500,세럼,오프라인
O00922,CU0278,2026-02-17,149800,토너,오프라인
O00923,CU0278,2026-05-29,99000,토너,오프라인
O00924,CU0278,2026-04-10,106700,클렌저,오프라인
O00925,CU0278,2025-03-17,102100,크림,오프라인
O00926,CU0278,2026-01-28,115700,클렌저,오프라인
O00927,CU0279,2025-12-10,32500,선크림,네이버
O00928,CU0279,2026-05-07,52900,크림,네이버
O00929,CU0280,2025-07-03,81200,클렌저,오프라인
O00930,CU0280,2025-11-04,120500,선크림,오프라인
O00931,CU0280,2026-04-30,95600,세럼,오프라인
O00932,CU0280,2025-12-30,52500,선크림,오프라인
O00933,CU0280,2025-12-01,97700,클렌저,오프라인
O00934,CU0280,2025-12-25,52900,세트,오프라인
O00935,CU0280,2026-04-27,44300,세트,오프라인
O00936,CU0281,2025-01-10,21500,크림,카카오
O00937,CU0281,2025-08-01,9900,선크림,카카오
O00938,CU0282,2026-04-25,57500,세트,자사몰
O00939,CU0282,2025-09-22,63900,크림,자사몰
O00940,CU0282,2025-08-22,75500,세럼,자사몰
O00941,CU0282,2025-11-01,70200,선크림,자사몰
O00942,CU0283,2026-01-08,28400,클렌저,카카오
O00943,CU0283,2025-03-26,52100,크림,카카오
O00944,CU0283,2024-09-04,49300,세트,카카오
O00945,CU0284,2026-05-26,60900,토너,자사몰
O00946,CU0284,2026-04-30,44000,세럼,자사몰
O00947,CU0284,2026-04-11,73200,크림,자사몰
O00948,CU0285,2026-04-09,33800,선크림,자사몰
O00949,CU0285,2026-02-05,62800,세럼,자사몰
O00950,CU0286,2025-10-03,42100,세럼,인스타
O00951,CU0286,2026-02-26,28800,세트,인스타
O00952,CU0286,2025-09-29,40800,세럼,인스타
O00953,CU0287,2026-03-03,38500,크림,네이버
O00954,CU0288,2026-05-08,9900,크림,네이버
O00955,CU0289,2025-05-08,29700,크림,카카오
O00956,CU0289,2025-08-21,43800,선크림,카카오
O00957,CU0289,2026-06-11,39100,크림,카카오
O00958,CU0290,2024-03-18,54700,클렌저,카카오
O00959,CU0290,2024-05-26,63700,클렌저,카카오
O00960,CU0290,2026-03-10,39200,토너,카카오
O00961,CU0291,2026-05-05,48400,크림,인스타
O00962,CU0291,2026-05-17,39900,크림,인스타
O00963,CU0291,2026-05-10,21000,클렌저,인스타
O00964,CU0291,2026-05-10,57800,세럼,인스타
O00965,CU0292,2025-07-25,9900,세럼,오프라인
O00966,CU0292,2024-06-14,19000,토너,오프라인
O00967,CU0293,2024-10-25,65600,토너,카카오
O00968,CU0293,2025-10-28,45900,크림,카카오
O00969,CU0294,2026-01-21,9900,세트,카카오
O00970,CU0294,2025-06-02,35700,세트,카카오
O00971,CU0295,2026-06-06,12400,세트,자사몰
O00972,CU0296,2025-12-12,18100,토너,오프라인
O00973,CU0297,2026-01-01,111900,클렌저,카카오
O00974,CU0297,2024-11-30,126400,토너,카카오
O00975,CU0297,2026-01-07,152100,크림,카카오
O00976,CU0297,2026-06-12,146300,세럼,카카오
O00977,CU0297,2024-06-09,130900,선크림,카카오
O00978,CU0297,2026-02-08,113200,크림,카카오
O00979,CU0297,2024-06-03,135700,크림,카카오
O00980,CU0297,2026-05-31,139600,크림,카카오
O00981,CU0297,2025-05-10,144000,세럼,카카오
O00982,CU0297,2025-04-20,160000,세트,카카오
O00983,CU0297,2024-06-19,140500,클렌저,카카오
O00984,CU0297,2026-01-24,153000,크림,카카오
O00985,CU0297,2024-08-10,136100,세트,카카오
O00986,CU0297,2025-12-07,112700,세럼,카카오
O00987,CU0297,2026-02-02,74700,선크림,카카오
O00988,CU0297,2024-11-20,120600,토너,카카오
O00989,CU0297,2024-06-05,133000,토너,카카오
O00990,CU0297,2026-06-12,110100,클렌저,카카오
O00991,CU0297,2024-10-18,119000,토너,카카오
O00992,CU0297,2024-12-21,141700,토너,카카오
O00993,CU0298,2026-04-29,59500,세럼,자사몰
O00994,CU0298,2026-04-29,82100,세트,자사몰
O00995,CU0298,2026-04-18,65800,클렌저,자사몰
O00996,CU0298,2026-05-28,74400,세럼,자사몰
O00997,CU0298,2026-05-06,79000,클렌저,자사몰
O00998,CU0298,2026-06-08,76900,세럼,자사몰
O00999,CU0299,2026-01-15,16400,토너,카카오
O01000,CU0299,2026-02-23,50300,세트,카카오
O01001,CU0300,2026-04-13,111600,세트,오프라인
O01002,CU0300,2026-03-10,116800,선크림,오프라인
O01003,CU0300,2026-05-11,139600,토너,오프라인
O01004,CU0300,2026-04-25,123600,크림,오프라인
O01005,CU0300,2026-02-21,152100,크림,오프라인
O01006,CU0300,2026-06-05,109800,토너,오프라인
O01007,CU0300,2025-07-14,177000,크림,오프라인
O01008,CU0300,2026-01-01,159200,세럼,오프라인
O01009,CU0300,2025-11-04,157600,세트,오프라인
O01010,CU0300,2026-05-10,106200,선크림,오프라인
O01011,CU0300,2026-05-30,102600,세트,오프라인
O01012,CU0301,2026-04-05,37200,세럼,네이버
O01013,CU0301,2026-06-08,28400,선크림,네이버
O01014,CU0302,2025-06-16,21600,클렌저,카카오
O01015,CU0303,2025-01-15,9900,크림,자사몰
O01016,CU0303,2024-09-20,32800,세트,자사몰
O01017,CU0304,2025-01-02,40900,세럼,카카오
O01018,CU0304,2024-08-14,37900,토너,카카오
O01019,CU0305,2026-05-03,38500,크림,오프라인
O01020,CU0306,2025-03-15,29800,세럼,인스타
O01021,CU0307,2025-08-09,9900,세트,자사몰
O01022,CU0307,2025-12-04,23600,선크림,자사몰
O01023,CU0308,2025-10-23,36900,크림,인스타
O01024,CU0309,2026-03-09,32400,클렌저,자사몰
O01025,CU0309,2026-01-22,83700,세트,자사몰
O01026,CU0310,2026-01-24,56200,세럼,네이버
O01027,CU0310,2025-09-25,80900,세럼,네이버
O01028,CU0311,2026-05-24,49200,선크림,인스타
O01029,CU0311,2026-05-08,49300,세럼,인스타
O01030,CU0311,2026-06-12,38600,클렌저,인스타
O01031,CU0311,2026-04-11,61800,세럼,인스타
O01032,CU0312,2025-09-27,29000,세럼,카카오
O01033,CU0312,2025-12-10,44300,클렌저,카카오
O01034,CU0312,2025-10-06,79700,세럼,카카오
O01035,CU0313,2025-03-08,25700,클렌저,네이버
O01036,CU0313,2026-06-14,75600,세럼,네이버
O01037,CU0313,2026-04-09,59700,클렌저,네이버
O01038,CU0313,2025-11-29,71400,세트,네이버
O01039,CU0314,2026-01-04,41400,세트,자사몰
O01040,CU0315,2026-04-21,21700,클렌저,오프라인
O01041,CU0315,2026-06-08,53700,세트,오프라인
O01042,CU0316,2025-08-12,35100,세트,인스타
O01043,CU0316,2026-03-11,15400,세트,인스타
O01044,CU0317,2026-03-27,9900,선크림,자사몰
O01045,CU0317,2026-06-05,51200,클렌저,자사몰
O01046,CU0318,2025-06-19,91200,크림,오프라인
O01047,CU0318,2026-03-07,83800,세럼,오프라인
O01048,CU0318,2025-08-31,94600,세럼,오프라인
O01049,CU0318,2026-03-21,108700,선크림,오프라인
O01050,CU0318,2025-11-24,108800,세럼,오프라인
O01051,CU0318,2025-10-30,97600,세럼,오프라인
O01052,CU0318,2026-01-17,101500,클렌저,오프라인
O01053,CU0318,2025-12-21,72000,클렌저,오프라인
O01054,CU0319,2026-03-15,26500,토너,카카오
O01055,CU0319,2026-05-21,48900,크림,카카오
O01056,CU0319,2026-03-02,45200,클렌저,카카오
O01057,CU0319,2026-04-09,34400,세트,카카오
O01058,CU0320,2026-05-31,36600,클렌저,인스타
O01059,CU0320,2026-04-15,48100,클렌저,인스타
O01060,CU0321,2026-02-21,155800,크림,인스타
O01061,CU0321,2026-04-28,110200,크림,인스타
O01062,CU0321,2024-11-28,111300,선크림,인스타
O01063,CU0321,2025-09-18,119200,세트,인스타
O01064,CU0321,2026-01-20,140800,선크림,인스타
O01065,CU0321,2025-09-11,108900,세트,인스타
O01066,CU0321,2026-01-20,131400,세럼,인스타
O01067,CU0321,2025-06-06,100000,클렌저,인스타
O01068,CU0321,2025-05-03,139300,토너,인스타
O01069,CU0321,2024-12-07,147600,클렌저,인스타
O01070,CU0321,2025-03-20,148200,선크림,인스타
O01071,CU0321,2025-03-31,127500,선크림,인스타
O01072,CU0321,2026-01-06,122500,세트,인스타
O01073,CU0321,2025-05-03,124800,선크림,인스타
O01074,CU0321,2025-10-21,124000,크림,인스타
O01075,CU0321,2026-04-04,106800,토너,인스타
O01076,CU0321,2025-04-06,124400,세트,인스타
O01077,CU0321,2025-10-23,120500,크림,인스타
O01078,CU0321,2025-01-27,94100,세트,인스타
O01079,CU0321,2024-12-11,133400,선크림,인스타
O01080,CU0321,2025-08-09,110700,세트,인스타
O01081,CU0322,2026-03-01,72500,선크림,오프라인
O01082,CU0322,2025-08-28,78900,크림,오프라인
O01083,CU0322,2026-05-29,60700,토너,오프라인
O01084,CU0322,2025-08-24,56400,선크림,오프라인
O01085,CU0322,2026-03-23,63300,클렌저,오프라인
O01086,CU0323,2026-01-25,9900,크림,자사몰
O01087,CU0323,2026-03-13,9900,토너,자사몰
O01088,CU0324,2024-11-10,62700,세트,자사몰
O01089,CU0324,2025-06-21,19700,세럼,자사몰
O01090,CU0325,2026-04-20,75400,선크림,인스타
O01091,CU0325,2026-05-22,50700,크림,인스타
O01092,CU0325,2026-03-11,81600,세럼,인스타
O01093,CU0325,2025-12-22,75700,토너,인스타
O01094,CU0326,2025-09-25,45900,클렌저,카카오
O01095,CU0326,2026-01-29,60100,선크림,카카오
O01096,CU0327,2024-12-30,19700,세트,카카오
O01097,CU0328,2024-08-20,45800,토너,오프라인
O01098,CU0329,2026-04-07,49700,세럼,네이버
O01099,CU0329,2026-04-29,68400,선크림,네이버
O01100,CU0329,2026-06-14,52300,클렌저,네이버
O01101,CU0329,2025-12-29,65500,세럼,네이버
O01102,CU0330,2025-06-28,9900,크림,카카오
O01103,CU0330,2025-04-11,59000,크림,카카오
O01104,CU0330,2025-10-25,46300,세럼,카카오
O01105,CU0330,2025-08-07,60200,토너,카카오
O01106,CU0331,2024-05-17,38600,선크림,인스타
O01107,CU0331,2024-08-04,55600,토너,인스타
O01108,CU0332,2024-09-02,39600,세트,자사몰
O01109,CU0332,2025-04-10,35100,크림,자사몰
O01110,CU0333,2026-01-24,41800,크림,자사몰
O01111,CU0333,2026-01-01,11500,세트,자사몰
O01112,CU0334,2026-05-21,26400,크림,카카오
O01113,CU0334,2026-05-22,55800,크림,카카오
O01114,CU0335,2025-03-08,35300,클렌저,오프라인
O01115,CU0336,2026-06-12,57100,선크림,네이버
O01116,CU0336,2026-04-25,77600,선크림,네이버
O01117,CU0336,2025-09-21,74800,선크림,네이버
O01118,CU0336,2025-11-29,75100,세럼,네이버
O01119,CU0336,2026-02-20,73900,클렌저,네이버
O01120,CU0336,2026-03-24,70100,토너,네이버
O01121,CU0336,2026-02-27,40600,클렌저,네이버
O01122,CU0337,2026-01-12,9900,클렌저,자사몰
O01123,CU0338,2026-04-27,22600,토너,카카오
O01124,CU0339,2025-09-01,44500,크림,카카오
O01125,CU0339,2026-01-06,30900,클렌저,카카오
O01126,CU0340,2025-08-29,9900,토너,카카오
O01127,CU0341,2025-01-09,29200,토너,인스타
O01128,CU0341,2025-11-04,59800,토너,인스타
O01129,CU0342,2025-02-09,13900,세럼,인스타
O01130,CU0343,2025-09-08,41100,토너,네이버
O01131,CU0343,2026-04-01,22100,세트,네이버
O01132,CU0344,2025-01-05,92700,토너,인스타
O01133,CU0344,2026-05-17,62300,선크림,인스타
O01134,CU0344,2025-01-14,78100,세럼,인스타
O01135,CU0344,2025-04-02,58900,세트,인스타
O01136,CU0345,2026-05-15,49400,선크림,자사몰
O01137,CU0346,2026-01-06,52900,토너,자사몰
O01138,CU0346,2025-12-25,54800,세럼,자사몰
O01139,CU0347,2025-02-09,119300,토너,오프라인
O01140,CU0347,2024-05-26,150800,선크림,오프라인
O01141,CU0347,2024-06-18,122600,크림,오프라인
O01142,CU0347,2026-02-16,140700,토너,오프라인
O01143,CU0347,2025-09-14,136000,선크림,오프라인
O01144,CU0347,2025-09-10,135400,토너,오프라인
O01145,CU0347,2025-06-24,93300,세럼,오프라인
O01146,CU0347,2026-02-11,113100,클렌저,오프라인
O01147,CU0347,2025-12-06,134300,토너,오프라인
O01148,CU0347,2024-11-07,124100,크림,오프라인
O01149,CU0347,2024-12-02,137300,선크림,오프라인
O01150,CU0347,2025-06-17,106300,선크림,오프라인
O01151,CU0347,2025-08-22,106500,세트,오프라인
O01152,CU0348,2024-10-28,31400,세럼,자사몰
O01153,CU0348,2024-06-15,78500,세트,자사몰
O01154,CU0348,2025-09-14,70300,크림,자사몰
O01155,CU0348,2026-01-04,47200,클렌저,자사몰
O01156,CU0348,2025-12-08,79000,세럼,자사몰
O01157,CU0348,2025-04-22,68700,선크림,자사몰
O01158,CU0348,2025-02-22,87000,크림,자사몰
O01159,CU0348,2025-05-28,44400,선크림,자사몰
O01160,CU0349,2026-05-01,35000,클렌저,네이버
O01161,CU0349,2026-01-22,36900,토너,네이버
O01162,CU0350,2026-01-02,43600,크림,자사몰
O01163,CU0350,2026-01-07,32800,토너,자사몰
O01164,CU0350,2026-01-23,23100,선크림,자사몰
O01165,CU0351,2025-06-07,9900,크림,자사몰
O01166,CU0351,2024-11-04,33300,선크림,자사몰
O01167,CU0352,2026-06-03,35500,토너,네이버
O01168,CU0352,2025-07-18,47200,클렌저,네이버
O01169,CU0352,2026-01-02,61600,선크림,네이버
O01170,CU0353,2025-04-07,9900,선크림,오프라인
O01171,CU0353,2024-08-15,46000,클렌저,오프라인
O01172,CU0353,2026-02-15,29500,크림,오프라인
O01173,CU0354,2025-07-24,72700,세트,카카오
O01174,CU0354,2025-06-14,66600,세럼,카카오
O01175,CU0354,2026-05-17,72200,토너,카카오
O01176,CU0354,2025-08-11,71100,클렌저,카카오
O01177,CU0354,2025-04-14,98200,크림,카카오
O01178,CU0354,2025-09-03,71000,크림,카카오
O01179,CU0355,2025-12-27,52500,세럼,네이버
O01180,CU0356,2024-10-12,94100,선크림,인스타
O01181,CU0356,2025-02-01,70300,선크림,인스타
O01182,CU0356,2025-08-10,94400,세럼,인스타
O01183,CU0356,2026-05-21,89400,클렌저,인스타
O01184,CU0357,2025-10-02,19400,세트,오프라인
O01185,CU0357,2026-02-04,31300,클렌저,오프라인
O01186,CU0357,2025-04-09,50400,토너,오프라인
O01187,CU0357,2026-05-16,36800,세럼,오프라인
O01188,CU0358,2026-03-21,35800,세트,네이버
O01189,CU0358,2025-04-25,43800,세럼,네이버
O01190,CU0358,2025-09-18,58400,크림,네이버
O01191,CU0358,2025-04-28,43500,토너,네이버
O01192,CU0359,2026-01-09,40900,세럼,인스타
O01193,CU0359,2025-07-27,23800,크림,인스타
O01194,CU0360,2026-05-24,13600,토너,카카오
O01195,CU0361,2025-10-20,45700,토너,카카오
O01196,CU0362,2026-03-25,37000,클렌저,오프라인
O01197,CU0362,2025-11-19,17200,세트,오프라인
O01198,CU0363,2026-04-10,71600,선크림,인스타
O01199,CU0363,2026-03-19,80200,세트,인스타
O01200,CU0363,2026-04-16,65500,세트,인스타
O01201,CU0363,2026-04-15,37900,세트,인스타
O01202,CU0364,2026-06-09,67200,크림,카카오
O01203,CU0364,2026-02-25,48000,세트,카카오
O01204,CU0365,2025-12-19,32500,세트,오프라인
O01205,CU0365,2026-05-12,21800,클렌저,오프라인
O01206,CU0366,2026-02-02,37600,세트,자사몰
O01207,CU0366,2026-05-26,38000,토너,자사몰
O01208,CU0367,2025-06-19,31500,크림,인스타
O01209,CU0367,2026-05-31,41100,토너,인스타
O01210,CU0367,2026-04-06,58000,세트,인스타
O01211,CU0367,2025-06-14,51100,선크림,인스타
O01212,CU0368,2026-02-16,65400,토너,오프라인
O01213,CU0368,2026-04-23,46800,크림,오프라인
O01214,CU0368,2026-02-24,102500,클렌저,오프라인
O01215,CU0368,2026-02-25,89600,세럼,오프라인
O01216,CU0368,2026-04-13,76600,선크림,오프라인
O01217,CU0369,2025-07-19,38300,크림,자사몰
O01218,CU0369,2025-06-29,27600,세럼,자사몰
O01219,CU0370,2026-01-29,90000,클렌저,자사몰
O01220,CU0370,2025-09-05,85800,토너,자사몰
O01221,CU0370,2025-04-02,42700,크림,자사몰
O01222,CU0370,2024-11-03,72900,클렌저,자사몰
O01223,CU0370,2026-03-07,87900,세트,자사몰
O01224,CU0370,2025-12-10,87800,세트,자사몰
O01225,CU0370,2024-09-16,77800,선크림,자사몰
O01226,CU0371,2025-03-07,38700,크림,카카오
O01227,CU0371,2025-03-10,52700,세럼,카카오
O01228,CU0371,2024-12-19,54200,크림,카카오
O01229,CU0371,2024-01-24,53000,크림,카카오
O01230,CU0372,2026-01-01,155000,클렌저,오프라인
O01231,CU0372,2026-05-28,114300,클렌저,오프라인
O01232,CU0372,2025-10-10,134100,토너,오프라인
O01233,CU0372,2026-04-12,147200,세럼,오프라인
O01234,CU0372,2026-03-27,120700,선크림,오프라인
O01235,CU0372,2026-06-07,143400,세럼,오프라인
O01236,CU0372,2025-09-06,122600,선크림,오프라인
O01237,CU0372,2026-01-22,132800,선크림,오프라인
O01238,CU0372,2026-04-18,143200,크림,오프라인
O01239,CU0372,2026-02-18,105900,선크림,오프라인
O01240,CU0372,2026-06-01,141400,크림,오프라인
O01241,CU0372,2026-05-03,138200,클렌저,오프라인
O01242,CU0372,2025-12-01,134900,세럼,오프라인
O01243,CU0372,2026-03-26,135900,크림,오프라인
O01244,CU0372,2026-05-28,154100,세트,오프라인
O01245,CU0372,2026-02-01,109500,세트,오프라인
O01246,CU0372,2026-03-13,115400,선크림,오프라인
O01247,CU0372,2025-12-01,123900,크림,오프라인
O01248,CU0372,2025-08-19,101900,세트,오프라인
O01249,CU0372,2026-03-06,110400,토너,오프라인
O01250,CU0373,2026-04-05,14400,클렌저,카카오
O01251,CU0373,2026-02-25,38200,세트,카카오
O01252,CU0374,2026-05-22,90500,토너,카카오
O01253,CU0374,2025-03-20,66400,세트,카카오
O01254,CU0374,2026-02-25,31100,클렌저,카카오
O01255,CU0374,2026-05-28,93900,크림,카카오
O01256,CU0374,2025-05-17,98300,세트,카카오
O01257,CU0375,2026-04-19,39200,세트,오프라인
O01258,CU0375,2025-09-12,53000,클렌저,오프라인
O01259,CU0376,2024-07-16,37700,선크림,자사몰
O01260,CU0376,2024-07-11,53200,크림,자사몰
O01261,CU0376,2025-05-19,34200,토너,자사몰
O01262,CU0376,2024-11-29,19600,세럼,자사몰
O01263,CU0377,2025-08-25,33100,클렌저,네이버
O01264,CU0378,2025-11-20,27000,세럼,오프라인
O01265,CU0379,2025-12-11,26300,세럼,카카오
O01266,CU0380,2026-06-12,11300,선크림,네이버
O01267,CU0380,2025-07-05,46300,토너,네이버
O01268,CU0381,2025-02-28,26900,세트,오프라인
O01269,CU0381,2026-01-16,25100,클렌저,오프라인
O01270,CU0382,2024-08-25,54800,세럼,자사몰
O01271,CU0383,2024-07-08,47200,클렌저,인스타
O01272,CU0384,2026-01-04,54000,클렌저,인스타
O01273,CU0384,2026-03-29,47800,세럼,인스타
O01274,CU0384,2024-10-26,68600,세트,인스타
O01275,CU0385,2024-08-08,32600,선크림,네이버
O01276,CU0385,2024-03-09,37800,크림,네이버
O01277,CU0386,2025-05-29,43500,토너,자사몰
O01278,CU0386,2025-07-13,31300,선크림,자사몰
O01279,CU0387,2025-11-14,54600,토너,카카오
O01280,CU0388,2025-06-29,50800,크림,인스타
O01281,CU0388,2026-02-09,41300,크림,인스타
O01282,CU0389,2024-09-22,41800,토너,자사몰
O01283,CU0390,2024-04-16,13600,선크림,자사몰
O01284,CU0391,2026-03-21,28600,클렌저,자사몰
O01285,CU0391,2026-05-29,66000,선크림,자사몰
O01286,CU0392,2025-10-07,30600,크림,오프라인
O01287,CU0392,2026-03-07,31700,세럼,오프라인
O01288,CU0392,2026-01-19,67900,크림,오프라인
O01289,CU0392,2025-11-19,61200,크림,오프라인
O01290,CU0393,2025-09-23,53000,선크림,자사몰
O01291,CU0393,2026-03-21,16800,세럼,자사몰
O01292,CU0394,2025-01-26,34800,선크림,네이버
O01293,CU0394,2026-06-06,39000,클렌저,네이버
O01294,CU0395,2025-02-27,56700,크림,인스타
O01295,CU0395,2025-12-07,34200,세트,인스타
O01296,CU0395,2026-02-21,27100,선크림,인스타
O01297,CU0396,2025-12-28,52500,토너,카카오
O01298,CU0396,2026-05-29,40500,클렌저,카카오
O01299,CU0396,2025-05-05,35100,세트,카카오
O01300,CU0396,2025-05-07,28000,클렌저,카카오
O01301,CU0397,2025-10-23,72700,토너,자사몰
O01302,CU0397,2025-04-22,71300,클렌저,자사몰
O01303,CU0398,2026-04-18,155300,세트,네이버
O01304,CU0398,2025-10-26,161600,크림,네이버
O01305,CU0398,2026-05-19,129800,세럼,네이버
O01306,CU0398,2026-03-07,124100,선크림,네이버
O01307,CU0398,2025-09-19,107800,토너,네이버
O01308,CU0398,2025-09-12,134700,토너,네이버
O01309,CU0398,2026-03-04,132000,세트,네이버
O01310,CU0398,2026-02-06,131900,클렌저,네이버
O01311,CU0398,2026-05-28,125000,크림,네이버
O01312,CU0398,2025-10-18,135400,클렌저,네이버
O01313,CU0398,2026-05-05,128600,선크림,네이버
O01314,CU0398,2025-10-31,112800,세트,네이버
O01315,CU0398,2025-09-18,119600,선크림,네이버
O01316,CU0398,2026-05-21,142200,클렌저,네이버
O01317,CU0398,2026-05-17,126700,선크림,네이버
O01318,CU0398,2026-04-03,138000,토너,네이버
O01319,CU0398,2025-11-20,136200,선크림,네이버
O01320,CU0398,2026-06-12,144000,세럼,네이버
O01321,CU0398,2026-04-18,109600,토너,네이버
O01322,CU0398,2026-02-16,138900,토너,네이버
O01323,CU0398,2025-10-31,110700,선크림,네이버
O01324,CU0399,2025-02-16,9900,세럼,자사몰
O01325,CU0400,2026-03-04,74000,토너,오프라인
O01326,CU0400,2025-11-14,51000,세트,오프라인
O01327,CU0401,2026-01-07,48200,토너,카카오
O01328,CU0401,2025-01-28,39000,선크림,카카오
O01329,CU0402,2025-09-10,36500,토너,인스타
O01330,CU0403,2026-04-28,76000,세트,인스타
O01331,CU0403,2026-04-01,42200,클렌저,인스타
O01332,CU0403,2026-03-16,37000,세트,인스타
O01333,CU0404,2025-03-20,83400,세럼,인스타
O01334,CU0404,2026-04-19,102500,세트,인스타
O01335,CU0404,2024-09-14,61100,세럼,인스타
O01336,CU0404,2024-12-30,76000,클렌저,인스타
O01337,CU0404,2024-09-09,95500,세럼,인스타
O01338,CU0405,2025-05-20,9900,세럼,네이버
O01339,CU0406,2025-07-02,43500,토너,오프라인
O01340,CU0407,2026-03-03,22200,세트,오프라인
O01341,CU0408,2025-05-21,59500,크림,자사몰
O01342,CU0408,2025-07-01,59400,세트,자사몰
O01343,CU0408,2025-11-14,78800,세트,자사몰
O01344,CU0408,2026-01-14,90100,크림,자사몰
O01345,CU0408,2026-03-22,97800,토너,자사몰
O01346,CU0408,2026-02-17,87900,토너,자사몰
O01347,CU0408,2025-12-22,58700,선크림,자사몰
O01348,CU0408,2025-02-24,58300,선크림,자사몰
O01349,CU0409,2026-05-14,123000,크림,네이버
O01350,CU0409,2026-05-12,102300,세트,네이버
O01351,CU0409,2026-04-21,109600,세트,네이버
O01352,CU0409,2026-05-14,65900,세트,네이버
O01353,CU0409,2026-05-17,88000,세트,네이버
O01354,CU0409,2026-06-13,81200,선크림,네이버
O01355,CU0409,2026-04-24,77000,선크림,네이버
O01356,CU0410,2025-08-03,23100,토너,자사몰
O01357,CU0410,2025-10-03,55300,클렌저,자사몰
O01358,CU0411,2024-04-24,18600,세트,자사몰
O01359,CU0412,2026-01-06,61400,토너,네이버
O01360,CU0412,2026-05-16,74700,클렌저,네이버
O01361,CU0412,2026-03-20,37500,선크림,네이버
O01362,CU0412,2026-04-14,71300,크림,네이버
O01363,CU0413,2026-06-08,13600,세럼,자사몰
O01364,CU0413,2026-06-06,25900,선크림,자사몰
O01365,CU0414,2025-10-09,46200,세럼,인스타
O01366,CU0414,2025-08-12,16600,세트,인스타
O01367,CU0415,2026-03-28,11900,세럼,네이버
O01368,CU0416,2026-05-31,85900,클렌저,인스타
O01369,CU0416,2026-01-13,76400,세트,인스타
O01370,CU0416,2025-10-03,109100,토너,인스타
O01371,CU0416,2025-08-18,74800,토너,인스타
O01372,CU0416,2025-12-09,81600,선크림,인스타
O01373,CU0416,2026-05-14,56200,토너,인스타
O01374,CU0417,2025-08-18,107500,세트,인스타
O01375,CU0417,2026-05-25,72800,클렌저,인스타
O01376,CU0417,2025-07-23,70600,클렌저,인스타
O01377,CU0417,2026-03-31,60200,세럼,인스타
O01378,CU0417,2025-09-08,80800,크림,인스타
O01379,CU0417,2025-09-11,92300,세럼,인스타
O01380,CU0417,2026-06-02,91700,클렌저,인스타
O01381,CU0418,2026-06-11,11800,세트,인스타
O01382,CU0418,2025-11-20,38400,세트,인스타
O01383,CU0419,2025-12-30,11100,토너,카카오
O01384,CU0419,2025-11-01,17400,클렌저,카카오
O01385,CU0420,2025-11-16,84600,크림,자사몰
O01386,CU0420,2025-03-18,55800,클렌저,자사몰
O01387,CU0420,2026-01-19,47700,토너,자사몰
O01388,CU0420,2025-07-29,27100,크림,자사몰
O01389,CU0421,2025-10-06,89300,크림,인스타
O01390,CU0421,2025-06-20,125900,크림,인스타
O01391,CU0421,2025-09-24,102500,선크림,인스타
O01392,CU0421,2025-06-17,90700,크림,인스타
O01393,CU0421,2025-02-27,91800,크림,인스타
O01394,CU0422,2026-03-28,75400,세트,카카오
O01395,CU0422,2026-02-07,67900,세럼,카카오
O01396,CU0422,2026-02-28,56400,선크림,카카오
O01397,CU0422,2026-05-30,64000,크림,카카오
O01398,CU0422,2026-04-22,76900,세트,카카오
O01399,CU0422,2026-05-05,70900,클렌저,카카오
O01400,CU0422,2026-03-12,67300,클렌저,카카오
O01401,CU0423,2026-05-16,132000,토너,인스타
O01402,CU0423,2026-04-13,103700,크림,인스타
O01403,CU0423,2026-03-09,87800,크림,인스타
O01404,CU0423,2026-04-24,137800,토너,인스타
O01405,CU0423,2026-05-17,158600,세럼,인스타
O01406,CU0423,2026-06-08,135700,토너,인스타
O01407,CU0423,2026-05-29,132700,크림,인스타
O01408,CU0423,2026-03-12,111800,세트,인스타
O01409,CU0423,2026-05-17,127000,클렌저,인스타
O01410,CU0423,2026-04-14,96000,선크림,인스타
O01411,CU0423,2026-05-23,141900,크림,인스타
O01412,CU0424,2025-09-26,27200,크림,네이버
O01413,CU0424,2025-11-23,36200,크림,네이버
O01414,CU0425,2025-11-30,26400,클렌저,오프라인
O01415,CU0425,2026-02-21,98100,선크림,오프라인
O01416,CU0425,2026-03-14,55700,크림,오프라인
O01417,CU0425,2026-02-14,68600,선크림,오프라인
O01418,CU0426,2025-08-03,41800,세럼,자사몰
O01419,CU0427,2025-05-21,81700,세럼,자사몰
O01420,CU0427,2026-03-17,35200,세럼,자사몰
O01421,CU0428,2025-01-14,46100,크림,인스타
O01422,CU0429,2025-04-09,61300,크림,네이버
O01423,CU0430,2025-04-25,114700,크림,인스타
O01424,CU0430,2025-07-07,128000,세럼,인스타
O01425,CU0430,2026-05-06,136800,선크림,인스타
O01426,CU0430,2026-01-12,110800,세트,인스타
O01427,CU0430,2025-03-14,139300,세트,인스타
O01428,CU0430,2025-08-23,114500,선크림,인스타
O01429,CU0430,2025-08-12,98300,세트,인스타
O01430,CU0430,2026-03-07,103800,클렌저,인스타
O01431,CU0430,2025-06-02,137500,세럼,인스타
O01432,CU0430,2025-04-21,125800,선크림,인스타
O01433,CU0431,2026-04-01,63000,세트,자사몰
O01434,CU0431,2026-03-27,23200,크림,자사몰
O01435,CU0431,2026-04-02,32400,토너,자사몰
O01436,CU0431,2026-05-13,75600,토너,자사몰
O01437,CU0432,2026-05-01,9900,세트,네이버
O01438,CU0433,2026-05-20,51500,토너,오프라인
O01439,CU0433,2026-05-02,33600,세트,오프라인
O01440,CU0433,2026-05-12,56400,토너,오프라인
O01441,CU0433,2026-04-28,45300,토너,오프라인
O01442,CU0434,2026-04-23,28700,클렌저,자사몰
O01443,CU0435,2026-02-14,29400,크림,네이버
O01444,CU0435,2026-04-12,50600,크림,네이버
O01445,CU0435,2025-12-19,34600,선크림,네이버
O01446,CU0435,2026-03-26,38700,세트,네이버
O01447,CU0436,2026-04-23,49400,세트,인스타
O01448,CU0436,2026-05-27,43800,선크림,인스타
O01449,CU0436,2026-06-07,27100,세트,인스타
O01450,CU0436,2026-06-12,24500,토너,인스타
O01451,CU0437,2026-01-29,36000,선크림,카카오
O01452,CU0437,2025-09-05,56000,선크림,카카오
O01453,CU0438,2025-05-21,9900,세트,자사몰
O01454,CU0438,2025-04-03,10700,세럼,자사몰
O01455,CU0439,2025-11-24,54200,클렌저,자사몰
O01456,CU0439,2026-05-17,36100,토너,자사몰
O01457,CU0439,2026-05-16,41100,세트,자사몰
O01458,CU0439,2025-10-12,71100,세트,자사몰
O01459,CU0440,2024-10-22,73900,선크림,인스타
O01460,CU0440,2025-01-18,85900,클렌저,인스타
O01461,CU0440,2025-12-29,67300,클렌저,인스타
O01462,CU0440,2025-01-28,48200,크림,인스타
O01463,CU0441,2026-05-27,25100,크림,자사몰
O01464,CU0441,2026-04-21,34300,토너,자사몰
O01465,CU0442,2026-05-01,19300,토너,카카오
O01466,CU0442,2026-05-28,48600,크림,카카오
O01467,CU0443,2025-05-28,9900,세럼,카카오
O01468,CU0444,2026-06-05,67000,토너,네이버
O01469,CU0444,2026-02-17,73900,크림,네이버
O01470,CU0444,2026-05-13,72700,세트,네이버
O01471,CU0444,2026-04-01,41800,세트,네이버
O01472,CU0445,2026-05-26,51900,세트,인스타
O01473,CU0445,2026-06-12,39900,선크림,인스타
O01474,CU0445,2026-05-24,56300,크림,인스타
O01475,CU0446,2026-06-11,9900,클렌저,카카오
O01476,CU0447,2025-08-29,55100,세트,네이버
O01477,CU0447,2025-06-11,38700,세트,네이버
O01478,CU0448,2024-12-27,54000,선크림,카카오
O01479,CU0448,2025-05-21,72500,클렌저,카카오
O01480,CU0448,2026-01-29,71100,크림,카카오
O01481,CU0448,2025-05-24,51700,토너,카카오
O01482,CU0448,2025-08-03,64800,크림,카카오
O01483,CU0448,2025-09-15,72400,세럼,카카오
O01484,CU0449,2025-02-20,52600,선크림,오프라인
O01485,CU0450,2025-06-26,47700,크림,오프라인
O01486,CU0451,2026-03-01,33900,크림,자사몰
O01487,CU0451,2026-02-28,33600,토너,자사몰
O01488,CU0451,2026-05-20,27000,토너,자사몰
O01489,CU0451,2026-02-14,67100,토너,자사몰
O01490,CU0452,2026-05-17,51000,크림,카카오
O01491,CU0452,2024-07-31,50700,토너,카카오
O01492,CU0452,2025-06-05,39600,크림,카카오
O01493,CU0452,2026-03-08,66500,크림,카카오
O01494,CU0453,2025-10-28,9900,크림,네이버
O01495,CU0453,2025-11-01,36600,토너,네이버
O01496,CU0454,2025-11-15,136000,선크림,자사몰
O01497,CU0454,2025-08-27,105200,선크림,자사몰
O01498,CU0454,2026-02-18,112200,클렌저,자사몰
O01499,CU0454,2025-10-01,143300,선크림,자사몰
O01500,CU0454,2026-01-20,121900,크림,자사몰
O01501,CU0454,2025-09-05,118200,크림,자사몰
O01502,CU0454,2026-04-28,132800,세트,자사몰
O01503,CU0454,2025-09-16,134900,세트,자사몰
O01504,CU0454,2026-03-29,113200,세트,자사몰
O01505,CU0454,2025-11-09,122000,토너,자사몰
O01506,CU0454,2025-08-31,131500,세트,자사몰
O01507,CU0455,2024-08-30,47300,세트,카카오
O01508,CU0455,2025-10-10,28700,선크림,카카오
O01509,CU0455,2025-05-02,41800,세럼,카카오
O01510,CU0455,2025-03-21,9900,선크림,카카오
O01511,CU0456,2026-05-17,44100,토너,오프라인
O01512,CU0457,2025-12-10,54700,토너,오프라인
O01513,CU0457,2025-04-02,81700,클렌저,오프라인
O01514,CU0457,2025-12-08,77300,크림,오프라인
O01515,CU0457,2025-10-09,81900,세트,오프라인
O01516,CU0457,2025-07-10,74100,세럼,오프라인
O01517,CU0457,2024-12-31,83400,선크림,오프라인
O01518,CU0457,2026-02-15,66200,클렌저,오프라인
O01519,CU0457,2025-03-12,62000,선크림,오프라인
O01520,CU0458,2025-05-21,136200,클렌저,인스타
O01521,CU0458,2026-01-04,126500,세럼,인스타
O01522,CU0458,2024-05-12,124700,세트,인스타
O01523,CU0458,2025-07-05,134100,선크림,인스타
O01524,CU0458,2025-04-05,129300,클렌저,인스타
O01525,CU0458,2024-02-21,155800,세트,인스타
O01526,CU0458,2025-12-08,143400,토너,인스타
O01527,CU0458,2025-01-20,122500,세럼,인스타
O01528,CU0459,2026-03-13,76900,클렌저,오프라인
O01529,CU0459,2025-02-10,59900,크림,오프라인
O01530,CU0459,2026-05-20,57400,세트,오프라인
O01531,CU0460,2026-03-29,27800,클렌저,네이버
O01532,CU0460,2025-11-07,47300,토너,네이버
O01533,CU0461,2026-03-01,52900,토너,오프라인
O01534,CU0461,2026-05-09,71100,토너,오프라인
O01535,CU0461,2026-02-06,33300,클렌저,오프라인
O01536,CU0462,2025-12-27,37000,토너,카카오
O01537,CU0462,2026-06-12,29900,세트,카카오
O01538,CU0462,2025-03-29,55900,토너,카카오
O01539,CU0463,2025-07-09,29800,선크림,인스타
O01540,CU0463,2026-03-25,46200,토너,인스타
O01541,CU0463,2025-10-16,78600,클렌저,인스타
O01542,CU0463,2025-04-24,61500,세럼,인스타
O01543,CU0464,2026-05-15,9900,세럼,인스타
O01544,CU0465,2026-04-24,31300,클렌저,카카오
O01545,CU0465,2026-03-04,49300,선크림,카카오
O01546,CU0466,2026-05-13,22800,크림,카카오
O01547,CU0467,2026-06-04,18400,클렌저,카카오
O01548,CU0468,2025-07-03,9900,선크림,오프라인
O01549,CU0469,2025-06-17,37900,세럼,네이버
O01550,CU0469,2025-02-06,17800,세트,네이버
O01551,CU0470,2026-05-10,111900,토너,자사몰
O01552,CU0470,2026-03-03,95500,클렌저,자사몰
O01553,CU0470,2026-04-21,56200,크림,자사몰
O01554,CU0470,2026-05-15,47600,토너,자사몰
O01555,CU0470,2026-06-04,58600,세트,자사몰
O01556,CU0470,2026-04-25,57900,토너,자사몰
O01557,CU0470,2026-05-30,41600,선크림,자사몰
O01558,CU0470,2026-02-07,49200,선크림,자사몰
O01559,CU0471,2026-04-14,39800,크림,인스타
O01560,CU0471,2026-01-26,45900,클렌저,인스타
O01561,CU0471,2026-05-03,40600,선크림,인스타
O01562,CU0472,2024-07-27,12100,선크림,네이버
O01563,CU0472,2026-02-05,9900,클렌저,네이버
O01564,CU0473,2025-09-15,36100,선크림,인스타
O01565,CU0473,2025-08-23,81200,크림,인스타
O01566,CU0473,2025-02-25,76500,세럼,인스타
O01567,CU0474,2026-05-19,34900,토너,자사몰
O01568,CU0474,2024-09-06,10500,크림,자사몰
O01569,CU0475,2026-04-05,73900,토너,자사몰
O01570,CU0475,2026-06-10,77400,세트,자사몰
O01571,CU0475,2025-12-14,38800,토너,자사몰
O01572,CU0475,2025-03-26,91100,크림,자사몰
O01573,CU0476,2025-11-16,20800,클렌저,네이버
O01574,CU0476,2026-03-12,35900,세럼,네이버
O01575,CU0476,2026-02-09,52600,토너,네이버
O01576,CU0476,2024-07-26,33300,세트,네이버
O01577,CU0477,2026-05-26,35300,선크림,오프라인
O01578,CU0478,2025-05-31,35600,클렌저,자사몰
O01579,CU0478,2026-04-26,25800,세럼,자사몰
O01580,CU0479,2025-05-14,66800,클렌저,오프라인
O01581,CU0479,2025-04-17,41700,세럼,오프라인
O01582,CU0480,2024-08-16,65100,크림,오프라인
O01583,CU0480,2026-05-11,19300,세럼,오프라인
O01584,CU0481,2025-02-18,23900,클렌저,자사몰
O01585,CU0482,2025-05-10,60800,클렌저,카카오
O01586,CU0482,2026-01-30,9900,세럼,카카오
O01587,CU0483,2025-09-22,30200,선크림,오프라인
O01588,CU0483,2026-04-11,37700,크림,오프라인
O01589,CU0484,2026-04-25,54200,크림,카카오
O01590,CU0484,2025-07-07,30500,세럼,카카오
O01591,CU0485,2024-06-25,68300,선크림,인스타
O01592,CU0485,2026-05-11,92800,선크림,인스타
O01593,CU0485,2024-09-19,49200,세트,인스타
O01594,CU0485,2024-05-02,73900,선크림,인스타
O01595,CU0485,2025-01-18,99400,세트,인스타
O01596,CU0485,2024-07-15,94400,크림,인스타
O01597,CU0485,2025-07-01,55400,크림,인스타
O01598,CU0486,2026-03-26,49500,토너,카카오
O01599,CU0486,2026-04-09,9900,세럼,카카오
O01600,CU0486,2026-02-16,75200,세럼,카카오
O01601,CU0486,2026-04-25,53900,선크림,카카오
O01602,CU0487,2024-08-12,75800,세럼,네이버
O01603,CU0487,2026-04-15,78800,선크림,네이버
O01604,CU0488,2026-01-19,81100,선크림,자사몰
O01605,CU0488,2025-07-29,86500,클렌저,자사몰
O01606,CU0488,2025-06-05,74500,클렌저,자사몰
O01607,CU0488,2025-08-26,85900,토너,자사몰
O01608,CU0488,2025-02-24,93300,선크림,자사몰
O01609,CU0488,2026-01-10,102100,선크림,자사몰
O01610,CU0488,2025-12-18,71300,세트,자사몰
O01611,CU0488,2025-01-10,114700,토너,자사몰
O01612,CU0489,2025-12-22,152600,세트,오프라인
O01613,CU0489,2025-12-07,132000,세트,오프라인
O01614,CU0489,2024-12-29,134000,크림,오프라인
O01615,CU0489,2026-01-15,124700,세럼,오프라인
O01616,CU0489,2024-10-30,139000,세트,오프라인
O01617,CU0489,2026-04-16,146200,세럼,오프라인
O01618,CU0489,2025-05-13,133000,세트,오프라인
O01619,CU0489,2025-09-06,116500,토너,오프라인
O01620,CU0489,2024-06-06,107700,크림,오프라인
O01621,CU0489,2024-02-29,125900,선크림,오프라인
O01622,CU0489,2024-04-02,99800,토너,오프라인
O01623,CU0489,2025-03-17,136400,선크림,오프라인
O01624,CU0489,2024-11-27,138300,세트,오프라인
O01625,CU0490,2025-12-17,107900,세트,카카오
O01626,CU0490,2026-01-20,46700,세럼,카카오
O01627,CU0490,2026-04-22,77900,크림,카카오
O01628,CU0490,2026-03-17,98800,세트,카카오
O01629,CU0490,2026-03-13,48500,클렌저,카카오
O01630,CU0490,2026-05-05,72000,세트,카카오
O01631,CU0490,2026-04-30,89000,선크림,카카오
O01632,CU0491,2026-05-26,33400,선크림,카카오
O01633,CU0491,2024-11-13,65500,세럼,카카오
O01634,CU0491,2025-02-20,47400,크림,카카오
O01635,CU0492,2026-03-27,55200,선크림,자사몰
O01636,CU0492,2026-01-20,21900,크림,자사몰
O01637,CU0492,2026-01-21,41800,세럼,자사몰
O01638,CU0492,2026-04-06,9900,세트,자사몰
O01639,CU0493,2025-07-30,39200,선크림,자사몰
O01640,CU0493,2025-03-13,49100,크림,자사몰
O01641,CU0494,2024-12-24,40200,토너,네이버
O01642,CU0495,2026-03-30,9900,클렌저,자사몰
O01643,CU0496,2025-07-26,60900,선크림,자사몰
O01644,CU0496,2026-03-09,15700,선크림,자사몰
O01645,CU0497,2026-06-03,148500,세트,네이버
O01646,CU0497,2025-09-04,128700,토너,네이버
O01647,CU0497,2025-06-27,144800,세트,네이버
O01648,CU0497,2026-04-02,114200,토너,네이버
O01649,CU0497,2025-11-20,94700,크림,네이버
O01650,CU0497,2026-02-14,134900,세럼,네이버
O01651,CU0497,2026-01-08,142200,토너,네이버
O01652,CU0497,2025-08-19,118600,세트,네이버
O01653,CU0497,2025-10-25,116300,세럼,네이버
O01654,CU0497,2026-03-11,141800,토너,네이버
O01655,CU0497,2025-07-15,139100,선크림,네이버
O01656,CU0498,2025-06-16,127800,클렌저,카카오
O01657,CU0498,2025-10-09,148600,크림,카카오
O01658,CU0498,2025-12-14,140800,크림,카카오
O01659,CU0498,2026-03-09,163400,클렌저,카카오
O01660,CU0498,2025-12-18,150000,세럼,카카오
O01661,CU0498,2025-06-30,134100,세럼,카카오
O01662,CU0498,2025-04-25,121700,토너,카카오
O01663,CU0498,2025-05-17,128400,크림,카카오
O01664,CU0498,2025-09-26,123100,클렌저,카카오
O01665,CU0498,2025-12-02,94000,클렌저,카카오
O01666,CU0498,2026-01-04,132900,토너,카카오
O01667,CU0498,2026-05-30,128800,세럼,카카오
O01668,CU0498,2026-03-18,126500,세트,카카오
O01669,CU0498,2025-07-28,104800,크림,카카오
O01670,CU0499,2026-06-01,64100,크림,오프라인
O01671,CU0499,2024-09-18,64300,클렌저,오프라인
O01672,CU0499,2025-01-19,64100,토너,오프라인
O01673,CU0499,2025-06-12,87300,세트,오프라인
O01674,CU0499,2025-08-31,78500,선크림,오프라인
O01675,CU0499,2025-07-23,60500,크림,오프라인
O01676,CU0499,2025-10-06,57800,세럼,오프라인
O01677,CU0499,2026-03-09,74900,세럼,오프라인
O01678,CU0500,2025-11-24,33300,클렌저,인스타
